molecule_chembl_id,canonical_smiles,standard_value
CHEMBL381735,CC[C@H](C)[C@H](NC(=O)OCc1ccccc1)C(=O)N[C@@H](CCC(=O)NC(C)(C)CC)C(=O)N[C@@H](C)C(=O)N[C@H](/C=C/S(C)(=O)=O)CC(C)C,2.4
CHEMBL207670,CC[C@H](C)[C@H](NC(=O)OCc1ccccc1)C(=O)N1CCC[C@H]1C(=O)N[C@@H](C)C(=O)N[C@H](/C=C/S(C)(=O)=O)CC(C)C,150000.0
CHEMBL383529,CC(=O)N[C@@H](CCC(=O)OC(C)(C)C)C(=O)N[C@@H](C)C(=O)N[C@H](/C=C/S(C)(=O)=O)CC(C)C,260.0
CHEMBL207336,CC(C)C[C@@H](/C=C/S(C)(=O)=O)NC(=O)[C@H](C)NC(=O)[C@H](CCC(=O)OC(C)(C)C)NC(=O)c1ccccc1,17.0
CHEMBL208015,CC(C)C[C@@H](/C=C/S(C)(=O)=O)NC(=O)[C@H](C)NC(=O)[C@H](CCC(=O)OC(C)(C)C)NC(=O)OCc1ccccc1,6.1
CHEMBL208019,CC(C)C[C@@H](/C=C/S(C)(=O)=O)NC(=O)CNC(=O)[C@H](CCC(=O)OC(C)(C)C)NC(=O)OCc1ccccc1,170.0
CHEMBL204518,CC[C@H](C)[C@H](NC(=O)OCc1ccccc1)C(=O)N[C@@H](CC(=O)OCc1ccccc1)C(=O)N[C@@H](C)C(=O)N[C@H](/C=C/S(C)(=O)=O)CC(C)C,2500.0
CHEMBL207162,CC[C@H](C)[C@H](NC(=O)OCc1ccccc1)C(=O)N[C@@H](CCC(=O)OC(C)(C)C)C(=O)N[C@@H](C)C(=O)N[C@H](/C=C/S(C)(=O)=O)CC(C)C,2.5
CHEMBL206206,CC(C)C[C@@H](/C=C/S(C)(=O)=O)NC(=O)[C@H](CO)NC(=O)[C@H](CCC(=O)OC(C)(C)C)NC(=O)OCc1ccccc1,2.9
CHEMBL204992,CC(C)C[C@@H](/C=C/S(C)(=O)=O)NC(=O)[C@H](CO)NC(=O)[C@H](CCC(=O)OC(C)(C)C)NS(=O)(=O)c1ccccc1,1.1
CHEMBL207016,Cc1ccc(S(=O)(=O)N[C@@H](CCC(=O)OC(C)(C)C)C(=O)N[C@@H](C)C(=O)N[C@H](/C=C/S(C)(=O)=O)CC(C)C)cc1,2.1
CHEMBL376815,CC(C)C[C@@H](/C=C/S(C)(=O)=O)NC(=O)[C@H](C)NC(=O)[C@H](CCC(=O)OC(C)(C)C)NC(=O)C(c1ccccc1)c1ccccc1,6.7
CHEMBL381884,CC(C)C[C@@H](/C=C/S(C)(=O)=O)NC(=O)[C@H](CO)NC(=O)[C@H](CC(N)C(=O)OC(C)(C)C)NC(=O)OCc1ccccc1,430.0
CHEMBL207394,CC(=O)N[C@@H](CCC(=O)OCc1ccccc1)C(=O)N[C@@H](C)C(=O)N[C@H](/C=C/S(C)(=O)=O)CC(C)C,21000.0
CHEMBL207196,CC[C@H](C)[C@H](NC(=O)OCc1ccccc1)C(=O)N[C@@H](CCCC(=O)OC(C)(C)C)C(=O)N[C@@H](C)C(=O)N[C@H](/C=C/S(C)(=O)=O)CC(C)C,24.0
CHEMBL207669,CC[C@H](C)[C@H](NC(=O)OCc1ccccc1)C(=O)N[C@@H](CCC(=O)OC1CCCCC1)C(=O)N[C@@H](C)C(=O)N[C@H](/C=C/S(C)(=O)=O)CC(C)C,10.0
CHEMBL383673,CC(C)C[C@@H](/C=C/S(C)(=O)=O)NC(=O)[C@H](C)NC(=O)[C@H](CC(=O)N[C@H](C(=O)OC(C)(C)C)C(C)(C)C)NC(=O)OCc1ccccc1,540.0
CHEMBL207990,CC[C@H](C)[C@H](NC(=O)[C@H]([C@@H](C)CC)N(C)C(C)=O)C(=O)N[C@H](C(=O)N[C@@H](CC(C)C)C(=O)[C@@]1(C)CO1)[C@@H](C)O,3.7
CHEMBL381089,CC(C)C[C@@H](/C=C/S(C)(=O)=O)NC(=O)[C@H](C)NC(=O)[C@H](CCC(=O)NC(C)(C)C(=O)OC(C)(C)C)NC(=O)OCc1ccccc1,2300.0
CHEMBL209243,CC(=O)N[C@@H](CCc1ccccc1)C(=O)N[C@@H](CC(C)C)C(=O)NCC(=O)N[C@H](/C=C/S(C)(=O)=O)CC(C)C,1300.0
CHEMBL207579,CC(=O)N[C@@H](CCc1ccccc1)C(=O)N[C@@H](CC(C)C)C(=O)N[C@@H](C)C(=O)N[C@H](/C=C/S(C)(=O)=O)CC(C)C,120.0
CHEMBL438442,CC(=O)N[C@@H](CCc1ccccc1)C(=O)N[C@@H](CC(C)C)C(=O)N[C@H](C)C(=O)N[C@H](/C=C/S(C)(=O)=O)CC(C)C,56000.0
CHEMBL379669,CC(=O)N[C@@H](CCc1ccccc1)C(=O)N[C@@H](CC(C)C)C(=O)N[C@@H](Cc1ccccc1)C(=O)N[C@H](/C=C/S(C)(=O)=O)CC(C)C,35.0
CHEMBL207403,CC[C@H](C)[C@H](NC(=O)OCc1ccccc1)C(=O)N[C@@H](CC(C)C)C(=O)N[C@@H](C)C(=O)N[C@H](/C=C/S(C)(=O)=O)CC(C)C,69.0
CHEMBL207284,CC[C@H](C)[C@H](NC(=O)OCc1ccccc1)C(=O)N[C@@H](Cc1ccccc1)C(=O)N[C@@H](C)C(=O)N[C@H](/C=C/S(C)(=O)=O)CC(C)C,460.0
CHEMBL378901,CC[C@H](C)[C@H](NC(=O)OCc1ccccc1)C(=O)N[C@@H](CCC(=O)NCC(C)(C)C)C(=O)N[C@@H](C)C(=O)N[C@H](/C=C/S(C)(=O)=O)CC(C)C,49.0
CHEMBL446443,CC[C@H](C)[C@H](NC(=O)OCc1ccccc1)C(=O)N[C@@H](CCc1ccccc1)C(=O)N[C@@H](C)C(=O)N[C@H](/C=C/S(C)(=O)=O)CC(C)C,27.0
CHEMBL208159,CC[C@H](C)[C@H](NC(=O)OCc1ccccc1)C(=O)N[C@@H](C/C=C/c1ccccc1)C(=O)N[C@@H](C)C(=O)N[C@H](/C=C/S(C)(=O)=O)CC(C)C,44.0
CHEMBL379772,CC[C@H](C)[C@H](NC(=O)OCc1ccccc1)C(=O)N[C@@H](COCc1ccccc1)C(=O)N[C@@H](C)C(=O)N[C@H](/C=C/S(C)(=O)=O)CC(C)C,49.0
CHEMBL383730,CC[C@H](C)[C@H](NC(=O)OCc1ccccc1)C(=O)N[C@@H](CS(C)(=O)=O)C(=O)N[C@@H](C)C(=O)N[C@H](/C=C/S(C)(=O)=O)CC(C)C,3300.0
CHEMBL377123,CC[C@H](C)[C@H](NC(=O)OCc1ccccc1)C(=O)N[C@@H](CS(=O)(=O)Cc1ccccc1)C(=O)N[C@@H](C)C(=O)N[C@H](/C=C/S(C)(=O)=O)CC(C)C,1400.0
CHEMBL206001,Cc1ccc(S(=O)(=O)N[C@@H](CC(=O)NCC(C)(C)C)C(=O)N[C@@H](C)C(=O)N[C@H](/C=C/S(C)(=O)=O)CC(C)C)cc1,4.3
CHEMBL204946,Cc1ccc(S(=O)(=O)N[C@@H](CC(=O)NCC(C)(C)C)C(=O)N[C@@H](CO)C(=O)N[C@H](/C=C/S(C)(=O)=O)CC(C)C)cc1,5.9
CHEMBL208372,Cc1ccc(S(=O)(=O)N[C@@H](CC(=O)NCC(C)(C)C)C(=O)NC(C)(C)C(=O)N[C@H](/C=C/S(C)(=O)=O)CC(C)C)cc1,28000.0
CHEMBL382180,CC[C@H](C)[C@H](NC(=O)OCc1ccccc1)C(=O)N[C@@H](CCC(N)=O)C(=O)N[C@@H](C)C(=O)N[C@H](/C=C/S(C)(=O)=O)CC(C)C,570.0
CHEMBL437882,CC[C@H](C)[C@H](NC(=O)OCc1ccccc1)C(=O)N[C@@H](CCCC(N)=O)C(=O)N[C@@H](C)C(=O)N[C@H](/C=C/S(C)(=O)=O)CC(C)C,120.0
CHEMBL437115,CC[C@H](C)[C@H](NC(=O)OCc1ccccc1)C(=O)N[C@@H](CCC(=O)NC(C)C)C(=O)N[C@@H](C)C(=O)N[C@H](/C=C/S(C)(=O)=O)CC(C)C,52.0
CHEMBL438612,CC[C@H](C)[C@H](NC(=O)OCc1ccccc1)C(=O)N[C@@H](CCC(=O)NC(C)(C)C)C(=O)N[C@@H](C)C(=O)N[C@H](/C=C/S(C)(=O)=O)CC(C)C,3.2
CHEMBL382203,CC[C@H](C)[C@H](NC(=O)OCc1ccccc1)C(=O)N[C@@H](CC(=O)NCC(C)(C)C)C(=O)N[C@@H](C)C(=O)N[C@H](/C=C/S(C)(=O)=O)CC(C)C,1.5
CHEMBL379771,CC[C@H](C)[C@H](NC(=O)OCc1ccccc1)C(=O)N[C@@H](CC(=O)OC(C)(C)C)C(=O)N[C@@H](C)C(=O)N[C@H](/C=C/S(C)(=O)=O)CC(C)C,78.0
CHEMBL210439,CCOC(=O)/C=C/[C@H](CC(C)C)NC(=O)[C@H](CCC(N)=O)NC(=O)[C@@H](NC(=O)c1cccc(O)c1C)C(C)C,6670.0
CHEMBL210901,CC(C)C[C@@H](/C=C/S(C)(=O)=O)NC(=O)[C@H](CC(C)C)NC(=O)[C@H](CC(C)C)NC(=O)OCc1ccccc1,61.0
CHEMBL207774,CCOC(=O)/C=C/[C@H](CC(C)C)NC(=O)[C@H](CCC(N)=O)NC(=O)[C@@H](NC(=O)[C@@H](N)Cc1ccccc1)C(C)C,4150.0
CHEMBL210091,CCOC(=O)/C=C/[C@H](CC(C)C)NC(=O)[C@H](CCC(N)=O)NC(=O)[C@@H](NC(=O)[C@@H](N)Cc1ccc(O)cc1)C(C)C,4320.0
CHEMBL208162,CCOC(=O)/C=C/[C@H](CC(C)C)NC(=O)[C@H](CCC(N)=O)NC(=O)[C@H](Cc1ccccc1)NC(=O)c1cccc(O)c1C,2230.0
CHEMBL215065,NC(=S)N/N=C/c1ccc2ccccc2n1,10000.0
CHEMBL592161,CC(C)C[C@H](NC(=O)[C@H](Cc1c(F)c(F)c(F)c(F)c1F)NC(=O)c1cnccn1)B1OC2C[C@@H]3C[C@@H](C3(C)C)[C@]2(C)O1,31.0
CHEMBL579296,CC(C)C[C@H](NC(=O)[C@H](Cc1cc(C(F)(F)F)cc(C(F)(F)F)c1)NC(=O)c1cnccn1)B1OC2C[C@@H]3C[C@@H](C3(C)C)[C@]2(C)O1,3.0
CHEMBL578478,CC(C)C[C@H](NC(=O)[C@H](Cc1ccccc1)NC(=O)[C@H](Cc1ccccc1)NC(=O)[C@H](Cc1ccccc1)N=[N+]=[N-])C(=O)[C@@]1(C)CO1,1.0
CHEMBL578885,CC(C)C[C@H](NC(=O)[C@H](Cc1c(F)c(F)c(F)c(F)c1F)NC(=O)[C@H](Cc1ccccc1)NC(=O)[C@H](Cc1ccccc1)N=[N+]=[N-])C(=O)[C@@]1(C)CO1,2.0
CHEMBL591777,CC(C)C[C@H](NC(=O)[C@H](Cc1cc(C(F)(F)F)cc(C(F)(F)F)c1)NC(=O)[C@H](Cc1ccccc1)NC(=O)[C@H](Cc1ccccc1)N=[N+]=[N-])C(=O)[C@@]1(C)CO1,100.0
CHEMBL577867,CC(C)C[C@H](NC(=O)[C@H](Cc1ccccc1)NC(=O)[C@H](Cc1c(F)c(F)c(F)c(F)c1F)NC(=O)[C@H](Cc1ccccc1)N=[N+]=[N-])C(=O)[C@@]1(C)CO1,200.0
CHEMBL578486,CC(C)C[C@H](NC(=O)[C@H](Cc1ccccc1)NC(=O)[C@H](Cc1cc(C(F)(F)F)cc(C(F)(F)F)c1)NC(=O)[C@H](Cc1ccccc1)N=[N+]=[N-])C(=O)[C@@]1(C)CO1,130.0
CHEMBL578518,CC1=CC(C)=[N+]2C1=C(CCCCc1cn([C@@H](Cc3ccccc3)C(=O)N[C@@H](Cc3ccccc3)C(=O)N[C@@H](Cc3c(F)c(F)c(F)c(F)c3F)C(=O)N[C@@H](CC(C)C)C(=O)[C@@]3(C)CO3)nn1)c1c(C)cc(C)n1[B-]2(F)F,300.0
CHEMBL2103884,COC[C@H](NC(=O)c1cnc(C)s1)C(=O)N[C@@H](COC)C(=O)N[C@@H](Cc1ccccc1)C(=O)[C@@]1(C)CO1,10.0
CHEMBL371405,C[C@@]12OC(=O)[C@]1([C@@H](O)[C@@H]1C=CCCC1)NC(=O)[C@@H]2CCCl,3.5
CHEMBL270515,CC(C)C[C@H](NC(=O)[C@@H](NC(=O)c1cccc(-c2ccccc2)n1)[C@@H](C)O)B(O)O,3.5
CHEMBL2141296,CC(C)C[C@H](NC(=O)CNC(=O)c1cc(Cl)ccc1Cl)B(O)O,3.4
CHEMBL325041,CC(C)C[C@H](NC(=O)[C@H](Cc1ccccc1)NC(=O)c1cnccn1)B(O)O,7.9
CHEMBL2326261,CC(C)C[C@H](NC(=O)[C@H](Cc1ccc(CN)cc1)NC(=O)[C@H](Cc1ccccc1)N=[N+]=[N-])C(=O)N[C@H](/C=C/S(C)(=O)=O)Cc1ccc(CN)cc1,50000.0
CHEMBL2326260,CC(C)C[C@H](NC(=O)[C@H](Cc1ccc(N)cc1)NC(=O)[C@H](Cc1ccccc1)N=[N+]=[N-])C(=O)N[C@H](/C=C/S(C)(=O)=O)Cc1ccc(CN)cc1,50000.0
CHEMBL2326541,CC(C)C[C@H](NC(=O)[C@H](Cc1ccncc1)NC(=O)[C@H](Cc1ccccc1)N=[N+]=[N-])C(=O)N[C@H](/C=C/S(C)(=O)=O)Cc1ccc(CN)cc1,50000.0
CHEMBL2326533,CC(C)C[C@H](NC(=O)[C@H](Cc1ccccc1)N=[N+]=[N-])C(=O)N[C@@H](CC(C)C)C(=O)N[C@H](/C=C/S(C)(=O)=O)Cc1ccc(CN)cc1,50000.0
CHEMBL2326539,Cc1c(O)cccc1C(=O)N[C@H](C(=O)N[C@@H](CO)C(=O)N[C@H](/C=C/S(C)(=O)=O)Cc1ccc(CN)cc1)C(C)C,15000.0
CHEMBL2326272,Cc1c(O)cccc1C(=O)N[C@H](C(=O)N[C@@H](CO)C(=O)N[C@@H](CCCNC(=N)N)C(=O)[C@@]1(C)CO1)C(C)C,30000.0
CHEMBL2326267,CC(C)C[C@H](NC(=O)[C@H](Cc1ccccc1)NC(=O)[C@H](Cc1ccccc1)N=[N+]=[N-])C(=O)N[C@H](/C=C/S(C)(=O)=O)Cc1ccccc1,110.0
CHEMBL2326266,CC(C)C[C@@H](/C=C/S(C)(=O)=O)NC(=O)[C@H](CC(C)C)NC(=O)[C@H](Cc1ccncc1)NC(=O)[C@H](Cc1ccccc1)N=[N+]=[N-],160.0
CHEMBL2326265,CC(C)C[C@@H](/C=C/S(C)(=O)=O)NC(=O)[C@H](CC(C)C)NC(=O)[C@H](Cc1ccc(N)cc1)NC(=O)[C@H](Cc1ccccc1)N=[N+]=[N-],93.0
CHEMBL2326264,CC(C)C[C@@H](/C=C/S(C)(=O)=O)NC(=O)[C@H](CC(C)C)NC(=O)[C@H](Cc1ccc(CN)cc1)NC(=O)[C@H](Cc1ccccc1)N=[N+]=[N-],480.0
CHEMBL2326263,CC(C)C[C@H](NC(=O)[C@H](Cc1ccc(CN)cc1)NC(=O)[C@H](Cc1ccccc1)N=[N+]=[N-])C(=O)N[C@H](/C=C/S(C)(=O)=O)Cc1ccncc1,2400.0
CHEMBL2326262,CC(C)C[C@H](NC(=O)[C@H](Cc1ccc(CN)cc1)NC(=O)[C@H](Cc1ccccc1)N=[N+]=[N-])C(=O)N[C@H](/C=C/S(C)(=O)=O)Cc1ccc(N)cc1,630.0
CHEMBL2326537,CC(C)C[C@H](NC(=O)[C@H](Cc1ccccc1)N=[N+]=[N-])C(=O)N[C@@H](CC(C)C)C(=O)N[C@H](/C=C/S(C)(=O)=O)Cc1ccncc1,1500.0
CHEMBL2326535,CC(C)C[C@H](NC(=O)[C@H](Cc1ccccc1)N=[N+]=[N-])C(=O)N[C@@H](CC(C)C)C(=O)N[C@H](/C=C/S(C)(=O)=O)Cc1ccc(N)cc1,1100.0
CHEMBL64925,CC(C)C[C@@H](C=O)NC(=O)[C@H](CC(C)C)NC(=O)[C@H](CC(C)C)NC(=O)OCc1ccccc1,9.0
CHEMBL2337846,C[C@H](NC(=O)[C@H](Cc1ccc(OCc2ccccc2)cc1)NC(=O)CCCCCNC(=O)CCCCCNC(=O)CCCCCNC(=O)CCCCC(=O)NCCCCCC(=O)NCCCCCC(=O)NCCCCCC(=O)N[C@@H](Cc1ccc(OCc2ccccc2)cc1)C(=O)N[C@@H](C)C(=O)N[C@@H](C[C@]1(O)C(=O)Nc2ccccc21)C(=O)NCc1ccccc1)C(=O)N[C@@H](C[C@]1(O)C(=O)Nc2ccccc21)C(=O)NCc1ccccc1,476.0
CHEMBL2337845,C[C@H](NC(=O)[C@H](Cc1ccc(OCc2ccccc2)cc1)NC(=O)CCCCCNC(=O)CCCCCNC(=O)CCCCCNC(=O)CCCCCNC(=O)CCCCCNC(=O)CCCCC(=O)N[C@@H](Cc1ccc(OCc2ccccc2)cc1)C(=O)N[C@@H](C)C(=O)N[C@@H](C[C@]1(O)C(=O)Nc2ccccc21)C(=O)NCc1ccccc1)C(=O)N[C@@H](C[C@]1(O)C(=O)Nc2ccccc21)C(=O)NCc1ccccc1,472.0
CHEMBL2337844,C[C@H](NC(=O)[C@H](Cc1ccc(OCc2ccccc2)cc1)NC(=O)CCCCCNC(=O)CCCCCNC(=O)CCCCCNC(=O)CCCCCNC(=O)CCCCC(=O)N[C@@H](Cc1ccc(OCc2ccccc2)cc1)C(=O)N[C@@H](C)C(=O)N[C@@H](C[C@]1(O)C(=O)Nc2ccccc21)C(=O)NCc1ccccc1)C(=O)N[C@@H](C[C@]1(O)C(=O)Nc2ccccc21)C(=O)NCc1ccccc1,756.0
CHEMBL2337843,C[C@H](NC(=O)[C@H](Cc1ccc(OCc2ccccc2)cc1)NC(=O)CCCCCNC(=O)CCCCCNC(=O)CCCCCNC(=O)CCCCC(=O)N[C@@H](Cc1ccc(OCc2ccccc2)cc1)C(=O)N[C@@H](C)C(=O)N[C@@H](C[C@]1(O)C(=O)Nc2ccccc21)C(=O)NCc1ccccc1)C(=O)N[C@@H](C[C@]1(O)C(=O)Nc2ccccc21)C(=O)NCc1ccccc1,541.0
CHEMBL2337841,C[C@H](NC(=O)[C@H](Cc1ccc(OCc2ccccc2)cc1)NC(=O)CCCCCNC(=O)CCCCCNC(=O)CCCCCNC(=O)OC(C)(C)C)C(=O)N[C@@H](C[C@]1(O)C(=O)Nc2ccccc21)C(=O)NCc1ccccc1,252.0
CHEMBL2337849,C[C@H](NC(=O)[C@H](Cc1ccc(OCc2ccccc2)cc1)NC(=O)OC(C)(C)C)C(=O)N[C@@H](C[C@]1(O)C(=O)Nc2ccccc21)C(=O)NCc1ccccc1,7970.0
CHEMBL2337848,C/C=C\NC(=O)[C@H]1NC(=O)[C@H](CC(N)=O)CC(=O)[C@@H](NC(=O)C(=O)[C@@H](C)CC)Cc2ccc(O)c(c2)-c2cccc3c2NC(=O)[C@@]3(O)[C@@H]1O,5.4
CHEMBL2337847,C[C@H](NC(=O)[C@H](Cc1ccc(OCc2ccccc2)cc1)NC(=O)CCCCCNC(=O)CCCCCNC(=O)CCCCCNC(=O)CCCCCNC(=O)CCCCC(=O)NCCCCCC(=O)NCCCCCC(=O)NCCCCCC(=O)NCCCCCC(=O)N[C@@H](Cc1ccc(OCc2ccccc2)cc1)C(=O)N[C@@H](C)C(=O)N[C@@H](C[C@]1(O)C(=O)Nc2ccccc21)C(=O)NCc1ccccc1)C(=O)N[C@@H](C[C@]1(O)C(=O)Nc2ccccc21)C(=O)NCc1ccccc1,20.0
CHEMBL2337842,C[C@H](NC(=O)[C@H](Cc1ccc(OCc2ccccc2)cc1)NC(=O)CCCCCNC(=O)CCCCCNC(=O)CCCCCNC(=O)CCCCCNC(=O)OC(C)(C)C)C(=O)N[C@@H](C[C@]1(O)C(=O)Nc2ccccc21)C(=O)NCc1ccccc1,707.0
CHEMBL2337850,C[C@H](NC(=O)[C@@H](N)Cc1ccc(OCc2ccccc2)cc1)C(=O)N[C@@H](C[C@]1(O)C(=O)Nc2ccccc21)C(=O)NCc1ccccc1,11600.0
CHEMBL491636,CC[C@H](C)[C@@H]1C(=O)O[C@H]1C(=O)N[C@H]1C[C@H]1C[C@H](NC(=O)[C@H](C)N)C(=O)O,1440.0
CHEMBL2337882,C=C[C@H](C[C@@H]1C[C@@H]1NC(=O)[C@@H]1OC(=O)[C@H]1[C@@H](C)CC)NC(=O)[C@H](C)N,300.0
CHEMBL2338306,C=C[C@H](C[C@@H]1C[C@@H]1NC(=O)[C@@H]1OC(=O)[C@H]1[C@@H](C)CC)NC(=O)[C@H](C)NC(C)=O,230.0
CHEMBL2337878,C=C[C@H](C[C@@H]1C[C@@H]1NC(=O)[C@@H]1OC(=O)[C@H]1[C@@H](C)CC)NC(=O)C(C)C,230.0
CHEMBL2337879,C=C[C@H](C[C@@H]1C[C@@H]1NC(=O)[C@@H]1OC(=O)[C@H]1[C@@H](C)CC)NC(=O)C(C)(C)C,210.0
CHEMBL2338315,CC[C@H](C)[C@@H]1C(=O)O[C@H]1C(=O)N[C@H]1C[C@H]1C[C@@H](Cc1ccc2ccccc2c1)NC(=O)[C@H](C)NC(=O)OCc1ccccc1,200.0
CHEMBL2338314,CC[C@H](C)[C@@H]1C(=O)O[C@H]1C(=O)N[C@H]1C[C@H]1C[C@@H](Cc1cccc2ccccc12)NC(=O)[C@H](C)NC(=O)OCc1ccccc1,130.0
CHEMBL2337880,C=C[C@H](C[C@@H]1C[C@@H]1NC(=O)[C@@H]1OC(=O)[C@H]1[C@@H](C)CC)NC(=O)c1ccccc1,130.0
CHEMBL2338311,CC[C@H](C)[C@@H]1C(=O)O[C@H]1C(=O)N[C@H]1C[C@H]1C[C@H](NC(=O)[C@H](C)NC(=O)OCc1ccccc1)c1ccccc1,90.0
CHEMBL2338307,C=C[C@H](C[C@@H]1C[C@@H]1NC(=O)[C@@H]1OC(=O)[C@H]1[C@@H](C)CC)NC(=O)[C@H](C)NC(=O)c1ccccc1,79.0
CHEMBL2338309,C=C[C@H](C[C@@H]1C[C@@H]1NC(=O)[C@@H]1OC(=O)[C@H]1[C@@H](C)CC)NC(=O)[C@H](C)NC(=O)OC(C)(C)C,77.0
CHEMBL2338316,CC[C@H](C)[C@@H]1C(=O)O[C@H]1C(=O)N[C@H]1C[C@H]1C[C@@H](CCc1cccc2ccccc12)NC(=O)[C@H](C)NC(=O)OCc1ccccc1,63.0
CHEMBL2337881,C=C[C@H](C[C@@H]1C[C@@H]1NC(=O)[C@@H]1OC(=O)[C@H]1[C@@H](C)CC)NC(=O)c1ccc2ccccc2c1,60.0
CHEMBL2337883,C=C[C@H](C[C@@H]1C[C@@H]1NC(=O)[C@@H]1OC(=O)[C@H]1[C@@H](C)CC)NC(=O)[C@@H](C)NC(=O)OCc1ccccc1,57.0
CHEMBL2337877,C=C[C@H](C[C@@H]1C[C@@H]1NC(=O)[C@@H]1OC(=O)[C@H]1[C@@H](C)CC)NC(=O)[C@H](C)NC(=O)OCc1ccccc1,49.0
CHEMBL2337885,C=C[C@H](C[C@@H]1C[C@@H]1NC(=O)[C@@H]1OC(=O)[C@H]1[C@@H](C)CC)NC(=O)[C@H](CC(C)C)NC(=O)OCc1ccccc1,47.0
CHEMBL2337884,C=C[C@H](C[C@@H]1C[C@@H]1NC(=O)[C@@H]1OC(=O)[C@H]1[C@@H](C)CC)NC(=O)CNC(=O)OCc1ccccc1,41.0
CHEMBL2338310,CC[C@H](C)[C@@H]1C(=O)O[C@H]1C(=O)N[C@H]1C[C@H]1C[C@@H](CC)NC(=O)[C@H](C)NC(=O)OCc1ccccc1,38.0
CHEMBL2338313,CC[C@H](C)[C@@H]1C(=O)O[C@H]1C(=O)N[C@H]1C[C@H]1C[C@@H](CCCc1ccccc1)NC(=O)[C@H](C)NC(=O)OCc1ccccc1,35.0
CHEMBL2338318,CC[C@H](C)[C@@H]1C(=O)O[C@H]1C(=O)N[C@H]1C[C@H]1C[C@@H](CCc1ccccc1)NC(=O)c1ccc2ccccc2c1,33.0
CHEMBL2337886,C=C[C@H](C[C@@H]1C[C@@H]1NC(=O)[C@@H]1OC(=O)[C@H]1[C@@H](C)CC)NC(=O)[C@H](Cc1ccccc1)NC(=O)OCc1ccccc1,30.0
CHEMBL2338317,CC[C@H](C)[C@@H]1C(=O)O[C@H]1C(=O)N[C@H]1C[C@H]1C[C@@H](CCc1ccc2ccccc2c1)NC(=O)[C@H](C)NC(=O)OCc1ccccc1,29.0
CHEMBL2337887,C=C[C@H](C[C@@H]1C[C@@H]1NC(=O)[C@@H]1OC(=O)[C@H]1[C@@H](C)CC)NC(=O)[C@H](Cc1c[nH]c2ccccc12)NC(=O)OCc1ccccc1,28.0
CHEMBL2338308,C=C[C@H](C[C@@H]1C[C@@H]1NC(=O)[C@@H]1OC(=O)[C@H]1[C@@H](C)CC)NC(=O)[C@H](C)NC(=O)c1ccc2ccccc2c1,25.0
CHEMBL2331625,CC[C@H](C)[C@@H]1C(=O)O[C@H]1C(=O)N[C@H]1C[C@H]1C[C@@H](Cc1ccccc1)NC(=O)[C@H](C)NC(=O)OCc1ccccc1,14.0
CHEMBL2338319,CC[C@H](C)[C@@H]1C(=O)O[C@H]1C(=O)N[C@H]1C[C@H]1C[C@@H](CCc1ccccc1)NC(=O)[C@H](C)NC(=O)c1ccc2ccccc2c1,10.0
CHEMBL2338312,CC[C@H](C)[C@@H]1C(=O)O[C@H]1C(=O)N[C@H]1C[C@H]1C[C@@H](CCc1ccccc1)NC(=O)[C@H](C)NC(=O)OCc1ccccc1,5.7
CHEMBL483062,CC(C)C[C@H](NC(=O)[C@H](Cc1ccccc1)NC(=O)c1ccccc1)B(O)O,9.0
CHEMBL374308,CC(=O)N[C@@H](CSC(=O)[C@]1([C@@H](O)C(C)C)NC(=O)[C@H](C)[C@@H]1O)C(=O)O,370.0
CHEMBL2346860,Cc1ccc(OCC(=O)N(Cc2nc(-c3ccc(C)cc3)no2)C(C)C)cc1,3500.0
CHEMBL3092612,COC(=O)C[C@H]1C(=O)N[C@@]2([C@@H](O)C3CCCCC3)C(=O)O[C@@]12C,500.0
CHEMBL3092611,C[C@@]12OC(=O)[C@]1([C@@H](O)C1CCCCC1)NC(=O)[C@@H]2CC=O,330.0
CHEMBL3092610,C[C@@]12OC(=O)[C@]1([C@@H](O)Cc1ccccc1)NC(=O)[C@@H]2CCCl,500.0
CHEMBL3092609,C[C@@]12OC(=O)[C@]1([C@@H](O)C1CC1)NC(=O)[C@@H]2CCCl,28.0
CHEMBL3092608,C[C@@]12OC(=O)[C@]1([C@@H](O)C1CCCCC1)NC(=O)[C@@H]2CCCCl,50.0
CHEMBL192046,C[C@@]12OC(=O)[C@]1([C@@H](O)C1CCCCC1)NC(=O)[C@@H]2CCCl,23.0
CHEMBL159263,c1ccc(Cc2ccc(OCCN3CCCCCC3)cc2)cc1,10000.0
CHEMBL3099629,CCCCC(CCCC)=C(c1ccc(OCCN2CCCCCC2)cc1)c1ccc(OCCN2CCCCCC2)cc1,10000.0
CHEMBL3099628,CCCCCC(CCCCC)=C(c1ccc(OCCN2CCCCCC2)cc1)c1ccc(OCCN2CCCCCC2)cc1,10000.0
CHEMBL3099627,CCCCCCC(CCCCCC)=C(c1ccc(OCCN2CCCCCC2)cc1)c1ccc(OCCN2CCCCCC2)cc1,10000.0
CHEMBL3099620,c1ccc(C(=C(c2ccc(OCCN3CCCCCC3)cc2)c2ccc(OCCN3CCCCCC3)cc2)C2CCCCC2)cc1,10000.0
CHEMBL3098145,CCC(=C(c1ccc(OCCCN2CCCC2)cc1)c1ccc(OCCCN2CCCC2)cc1)c1ccccc1,10000.0
CHEMBL3099619,CCC(=C(c1ccc(OCCCN(C)C)cc1)c1ccc(OCCCN(C)C)cc1)c1ccccc1,10000.0
CHEMBL3099617,CCC(=C(c1ccc(OCCN(CC)CC)cc1)c1ccc(OCCN(CC)CC)cc1)c1ccccc1,10000.0
CHEMBL393196,CCC(=C(c1ccc(OCCN2CCCCC2)cc1)c1ccc(OCCN2CCCCC2)cc1)c1ccccc1,10000.0
CHEMBL235994,CCC(=C(c1ccc(OCCN2CCOCC2)cc1)c1ccc(OCCN2CCOCC2)cc1)c1ccccc1,7190.0
CHEMBL392916,CCC(=C(c1ccc(OCCN2CCCC2)cc1)c1ccc(OCCN2CCCC2)cc1)c1ccccc1,6560.0
CHEMBL3099630,CCCC(CCC)=C(c1ccc(OCCN2CCCCCC2)cc1)c1ccc(OCCN2CCCCCC2)cc1,3380.0
CHEMBL3099616,CCC(=C(c1ccc(OCCN(C)C)cc1)c1ccc(OCCN(C)C)cc1)c1ccccc1,3360.0
CHEMBL3099626,c1cc(C(=C2CCCC2)c2ccc(OCCN3CCCCCC3)cc2)ccc1OCCN1CCCCCC1,2700.0
CHEMBL3099625,c1cc(C(=C2CCCCC2)c2ccc(OCCN3CCCCCC3)cc2)ccc1OCCN1CCCCCC1,2190.0
CHEMBL3099640,c1cc(C2(c3ccc(OCCN4CCCCCC4)cc3)CCCCC2)ccc1OCCN1CCCCCC1,1940.0
CHEMBL3099639,CC(O)(c1ccc(OCCN2CCCCCC2)cc1)c1ccc(OCCN2CCCCCC2)cc1,1660.0
CHEMBL3099632,CC(C)=C(c1ccc(OCCN2CCCCCC2)cc1)c1ccc(OCCN2CCCCCC2)cc1,1660.0
CHEMBL3099634,O=C(c1ccc(OCCN2CCCCCC2)cc1)c1ccc(OCCN2CCCCCC2)cc1,1650.0
CHEMBL3099631,CCC(CC)=C(c1ccc(OCCN2CCCCCC2)cc1)c1ccc(OCCN2CCCCCC2)cc1,1570.0
CHEMBL3099633,CCC=C(c1ccc(OCCN2CCCCCC2)cc1)c1ccc(OCCN2CCCCCC2)cc1,1460.0
CHEMBL3099622,CCCC(=C(c1ccc(OCCN2CCCCCC2)cc1)c1ccc(OCCN2CCCCCC2)cc1)c1ccccc1,1370.0
CHEMBL3099621,c1ccc(C(=C(c2ccc(OCCN3CCCCCC3)cc2)c2ccc(OCCN3CCCCCC3)cc2)c2ccccc2)cc1,1180.0
CHEMBL3099635,C=C(c1ccc(OCCN2CCCCCC2)cc1)c1ccc(OCCN2CCCCCC2)cc1,1040.0
CHEMBL3099623,CC(=C(c1ccc(OCCN2CCCCCC2)cc1)c1ccc(OCCN2CCCCCC2)cc1)c1ccccc1,900.0
CHEMBL3099637,CC(c1ccc(OCCN2CCCCCC2)cc1)c1ccc(OCCN2CCCCCC2)cc1,800.0
CHEMBL3099638,CC(C)(c1ccc(OCCN2CCCCCC2)cc1)c1ccc(OCCN2CCCCCC2)cc1,750.0
CHEMBL3099636,c1cc(OCCN2CCCCCC2)ccc1Cc1ccc(OCCN2CCCCCC2)cc1,670.0
CHEMBL3099618,CCC(=C(c1ccc(OCCN2CCCCCC2)cc1)c1ccc(OCCN2CCCCCC2)cc1)c1ccccc1,640.0
CHEMBL3099624,C(=C(c1ccc(OCCN2CCCCCC2)cc1)c1ccc(OCCN2CCCCCC2)cc1)c1ccccc1,580.0
CHEMBL1269181,Cc1ccc(CNC(=O)[C@H](CCc2ccccc2)NC(=O)[C@H](CCc2ccccc2)NC(=O)[C@H](CCc2ccccc2)NC(=O)c2cnc(C)cn2)cc1,16.0
CHEMBL3218817,Cc1ccc(CNC(=O)[C@H](CCc2ccccc2)NC(=O)[C@H](CNC(=O)CC(C)(C)C)NC(=O)CCc2ccccc2)cc1,1000.0
CHEMBL3218818,Cc1ccc(CNC(=O)[C@H](CCc2ccccc2)NC(=O)[C@H](CNC(=O)CC(C)(C)C)NC(=O)c2cc(C)on2)cc1,1000.0
CHEMBL3218819,Cc1ccc(CNC(=O)[C@H](CCc2ccccc2)NC(=O)[C@H](CNC(=O)CC(C)(C)C)NC(=O)C(=O)c2c[nH]c3ccccc23)cc1,910.0
CHEMBL3218820,CC(=O)N[C@@H](CC(=O)NCC(C)(C)C)C(=O)N[C@@H](CCc1ccccc1)C(=O)NCc1ccccc1,50.0
CHEMBL3218821,CC(C)(C)CNC(=O)C[C@H](NC(=O)C(C)(C)C)C(=O)N[C@@H](CCc1ccccc1)C(=O)NCc1ccccc1,25.0
CHEMBL3218822,CC(C)(C)CNC(=O)C[C@H](NC(=O)CN1CCCCC1)C(=O)N[C@@H](CCc1ccccc1)C(=O)NCc1ccccc1,12.0
CHEMBL3218823,CC(C)(C)CNC(=O)C[C@H](NC(=O)Cc1ccc(F)cc1)C(=O)N[C@@H](CCc1ccccc1)C(=O)NCc1ccccc1,8.4
CHEMBL3218824,CC(C)(C)CNC(=O)C[C@H](NC(=O)CCc1ccccc1)C(=O)N[C@@H](CCc1ccccc1)C(=O)NCc1ccccc1,5.4
CHEMBL3218825,CC(C)(C)CNC(=O)C[C@H](NC(=O)c1ccc(C(C)(C)C)cc1)C(=O)N[C@@H](CCc1ccccc1)C(=O)NCc1ccccc1,22.0
CHEMBL3218826,CC(C)(C)CNC(=O)C[C@H](NC(=O)c1ccc(OCc2ccccc2)cc1)C(=O)N[C@@H](CCc1ccccc1)C(=O)NCc1ccccc1,6.8
CHEMBL3218827,CC(C)(C)CNC(=O)C[C@H](NC(=O)C(=O)c1c[nH]c2ccccc12)C(=O)N[C@@H](CCc1ccccc1)C(=O)NCc1ccccc1,4.8
CHEMBL3218828,Cc1cc(C(=O)N[C@@H](CC(=O)NCC(C)(C)C)C(=O)N[C@@H](CCc2ccccc2)C(=O)NCc2ccccc2)no1,4.7
CHEMBL3218829,CC(C)(C)CNC(=O)C[C@H](NC(=O)CCc1ccccc1)C(=O)N[C@@H](CCc1ccccc1)C(=O)NCC1CC1,12.0
CHEMBL3218830,CC(C)(C)CNC(=O)C[C@H](NC(=O)Cc1ccc(F)cc1)C(=O)N[C@@H](CCc1ccccc1)C(=O)NCc1ccccc1Cl,4.0
CHEMBL3218831,CC(C)(C)CNC(=O)C[C@H](NC(=O)CCc1ccccc1)C(=O)N[C@@H](CCc1ccccc1)C(=O)NCc1ccccc1Cl,3.0
CHEMBL3218832,CC(C)(C)CNC(=O)C[C@H](NC(=O)c1ccc(OCc2ccccc2)cc1)C(=O)N[C@@H](CCc1ccccc1)C(=O)NCc1ccccc1Cl,11.0
CHEMBL3218833,CC(C)(C)CNC(=O)C[C@H](NC(=O)C(=O)c1c[nH]c2ccccc12)C(=O)N[C@@H](CCc1ccccc1)C(=O)NCc1ccccc1Cl,3.7
CHEMBL3218834,Cc1cc(C(=O)N[C@@H](CC(=O)NCC(C)(C)C)C(=O)N[C@@H](CCc2ccccc2)C(=O)NCc2ccccc2Cl)no1,2.1
CHEMBL3218835,C[C@H](NC(=O)[C@H](CC(=O)NCC(C)(C)C)NC(=O)CCc1ccccc1)C(=O)NCc1ccccc1Cl,4.0
CHEMBL3218836,CC(C)(C)CNC(=O)C[C@H](NC(=O)CCc1ccccc1)C(=O)N[C@@H](Cc1cccnc1)C(=O)NCc1ccccc1Cl,3.9
CHEMBL3218837,CC(C)(C)CNC(=O)C[C@H](NC(=O)C(=O)c1c[nH]c2ccccc12)C(=O)N[C@@H](Cc1ccncc1)C(=O)NCc1ccccc1Cl,1.2
CHEMBL3218838,Cc1cc(C(=O)N[C@@H](CC(=O)NCC(C)(C)C)C(=O)N[C@@H](Cc2ccncc2)C(=O)NCc2ccccc2Cl)no1,33.3
CHEMBL3218839,Cc1cc(C(=O)N[C@@H](CC(=O)NCC(C)(C)C)C(=O)N[C@@H](Cc2cccnc2)C(=O)NCc2ccccc2Cl)no1,22.6
CHEMBL3218840,Cc1cc(C(=O)N[C@@H](CC(=O)NCC(C)(C)C)C(=O)N[C@@H](Cc2ccc(Cl)cc2)C(=O)NCc2ccccc2Cl)no1,16.0
CHEMBL3218841,Cc1cc(C(=O)N[C@@H](CC(=O)NCC(C)(C)C)C(=O)N[C@@H](C)C(=O)NCc2ccccc2Cl)no1,23.0
CHEMBL3218842,CCCNC(=O)C[C@H](NC(=O)c1cc(C)on1)C(=O)N[C@@H](CCc1ccccc1)C(=O)NCc1ccc(C)cc1,160.0
CHEMBL3218843,Cc1ccc(CNC(=O)[C@H](CCc2ccccc2)NC(=O)[C@H](CC(=O)NCC(C)C)NC(=O)c2cc(C)on2)cc1,7.3
CHEMBL3218844,Cc1ccc(CNC(=O)[C@H](CCc2ccccc2)NC(=O)[C@H](Cc2nc(C(C)(C)C)no2)NC(=O)C(=O)c2c[nH]c3ccccc23)cc1,11.6
CHEMBL3218845,Cc1ccc(CNC(=O)[C@H](CCc2ccccc2)NC(=O)[C@H](Cc2nc(C(C)(C)C)no2)NC(=O)c2cc(C)on2)cc1,93.0
CHEMBL3237875,COc1ccc(C[C@H](NC(=O)[C@H](C)NC(=O)CN2CCOCC2)C(=O)N[C@@H](Cc2ccccc2)C(=O)[C@@]2(C)CO2)cc1,1000.0
CHEMBL3237863,CC(=O)N[C@@H](CC(=O)NCCC(COCc1ccccc1)COCc1ccccc1)C(=O)N[C@@H](CC(C)C)B1O[C@@H]2C[C@@H]3C[C@@H](C3(C)C)[C@]2(C)O1,140.0
CHEMBL3237873,CC(=O)N[C@@H](CC(=O)NCCCCOCc1ccccc1)C(=O)N[C@@H](CC(C)C)B1O[C@@H]2C[C@@H]3C[C@@H](C3(C)C)[C@]2(C)O1,280.0
CHEMBL3347481,CC(C)C[C@H](NC(=O)c1cnccn1)C(=O)N[C@@H](Cc1ccc2ccccc2c1)C(=O)N[C@@H](CC(C)C)B(O)O,0.08
CHEMBL3347480,CC(C)C[C@H](NC(=O)c1cnccn1)C(=O)N[C@@H](Cc1ccc2ccccc2c1)C(=O)N[C@@H](CC(C)C)B1O[C@@H]2[C@H]3CC[C@H](C3(C)C)[C@]2(C)O1,0.38
CHEMBL3347642,CC(C)C[C@H](NC(=O)[C@H](Cc1ccc(O)cc1)NC(=O)[C@H](Cc1ccccc1)NC(=O)c1cnccn1)B(O)O,0.39
CHEMBL3347641,CC(C)C[C@H](NC(=O)[C@H](Cc1ccc(O)cc1)NC(=O)[C@H](Cc1ccccc1)NC(=O)c1cnccn1)B1O[C@@H]2[C@H]3CC[C@H](C3(C)C)[C@]2(C)O1,0.34
CHEMBL3347640,CC(C)C[C@H](NC(=O)[C@H](Cc1ccccc1)NC(=O)[C@H](Cc1ccc2ccccc2c1)NC(=O)c1cnccn1)B(O)O,0.42
CHEMBL3347627,CC(C)C[C@H](NC(=O)[C@H](Cc1ccccc1)NC(=O)[C@H](Cc1ccc2ccccc2c1)NC(=O)c1cnccn1)B1O[C@@H]2[C@H]3CC[C@H](C3(C)C)[C@]2(C)O1,0.22
CHEMBL3347626,CC(C)C[C@H](NC(=O)[C@H](Cc1ccccc1)NC(=O)[C@H](Cc1ccccc1)NC(=O)c1cnccn1)B(O)O,0.55
CHEMBL3347625,CC(C)C[C@H](NC(=O)[C@H](Cc1ccccc1)NC(=O)[C@H](Cc1ccccc1)NC(=O)c1cnccn1)B1O[C@@H]2[C@H]3CC[C@H](C3(C)C)[C@]2(C)O1,0.4
CHEMBL3423355,COc1ccc(CNC(=O)[C@@H](NC(=O)[C@H](CCCCNC(=O)OCc2ccccc2)NC(=O)Cc2cccc(Oc3ccccc3)c2)C(C)C)c(O)c1,11730.0
CHEMBL3423354,COc1ccc(CNC(=O)[C@@H](NC(=O)[C@H](CCC(N)=O)NC(=O)Cc2cccc(Oc3ccccc3)c2)C(C)C)c(O)c1,1630.0
CHEMBL3423352,COc1ccc(CNC(=O)[C@@H](NC(=O)[C@H](CC(N)=O)NC(=O)Cc2cccc(Oc3ccccc3)c2)C(C)C)c(O)c1,660.0
CHEMBL3423348,CC(C)[C@H](NC(=O)[C@H](CC(N)=O)NC(=O)Cc1cccc(Oc2ccccc2)c1)C(=O)OCc1ccccc1,17310.0
CHEMBL3421650,CC(C)[C@H](NC(=O)[C@H](CC(N)=O)NC(=O)Cc1cccc(Oc2ccccc2)c1)C(=O)N[C@H](C(=O)O)[C@H](C)O,13880.0
CHEMBL3423204,COC(=O)[C@@H](NC(=O)[C@@H](NC(=O)[C@H](CC(N)=O)NC(=O)Cc1cccc(Oc2ccccc2)c1)C(C)C)[C@H](C)O,290.0
CHEMBL3423205,CC(C)[C@H](NC(=O)[C@H](CC(N)=O)NC(=O)Cc1cccc(Oc2ccccc2)c1)C(=O)N[C@H](C(=O)OCc1ccccc1)[C@H](C)O,920.0
CHEMBL3423346,CC(C)[C@H](NC(=O)[C@H](CC(N)=O)NC(=O)Cc1cccc(Oc2ccccc2)c1)C(=O)NCCO,17190.0
CHEMBL3423347,CCCNC(=O)[C@@H](NC(=O)[C@H](CC(N)=O)NC(=O)Cc1cccc(Oc2ccccc2)c1)C(C)C,12970.0
CHEMBL3577367,CC[C@H](C)[C@H](NC(=O)[C@@H](NC(=O)C1OC(=O)C1C(C)C)C(C)C)C(=O)O,360.0
CHEMBL3577368,CC(C)C1C(=O)OC1C(=O)N[C@H](C(=O)N[C@H](C(=O)O)C(C)C)C(C)C,930.0
CHEMBL3785613,COCC(=O)N[C@@H](Cc1ccccc1)C(=O)N[C@@H](CC(C)C)B(O)O,6.31
CHEMBL3785317,COCCC(=O)N[C@@H](Cc1ccccc1)C(=O)N[C@@H](CC(C)C)B(O)O,8.47
CHEMBL3787673,CCCC(=O)N[C@@H](Cc1ccccc1)C(=O)N[C@@H](CC(C)C)B(O)O,6.94
CHEMBL3785681,CC(C)C[C@H](NC(=O)[C@H](Cc1ccccc1)NC(=O)CC(C)(C)C)B(O)O,4.69
CHEMBL3786484,CC(C)C[C@H](NC(=O)[C@H](Cc1ccccc1)NC(=O)C1CCCC1)B(O)O,4.82
CHEMBL499361,CC(C)C[C@H](NC(=O)[C@H](Cc1ccccc1)NC(=O)[C@H]1CCCc2ccccc21)B(O)O,1.2
CHEMBL499504,CC(C)C[C@H](NC(=O)[C@H](Cc1ccccc1)NC(=O)c1cccc2c1CCCC2)B(O)O,1.6
CHEMBL3786398,CC(C)C[C@@H](NC(=O)CC(NC(=O)[C@H]1CCCc2ccccc21)c1cccc(F)c1)B(O)O,1.02
CHEMBL606394,CC(C)C[C@H](NC(=O)[C@H](Cc1ccccc1)NC(=O)c1cnccn1)B1OC2C[C@@H]3C[C@@H](C3(C)C)[C@]2(C)O1,1.92
CHEMBL3794440,Cc1ccc(C[C@H](NC(=O)[C@H](Cc2ccccc2)NC(=O)c2cnccn2)B2OC3C[C@@H]4C[C@@H](C4(C)C)[C@]3(C)O2)cc1,4.85
CHEMBL3792854,CC1(C)[C@@H]2CC3OB([C@H](Cc4ccc(F)cc4)NC(=O)[C@H](Cc4ccccc4)NC(=O)c4cnccn4)O[C@@]3(C)[C@H]1C2,3.21
CHEMBL3793344,CC(C)C[C@H](NC(=O)[C@H](Cc1ccccc1)NC(=O)C1CCCc2ccccc21)B1OC2C[C@@H]3C[C@@H](C3(C)C)[C@]2(C)O1,4.18
CHEMBL3794168,CC(C)C[C@H](NC(=O)[C@H](Cc1ccccc1)NC(=O)[C@H]1CCCc2ccccc21)B1OC2C[C@@H]3C[C@@H](C3(C)C)[C@]2(C)O1,1.12
CHEMBL3792730,CC(C)C[C@H](NC(=O)[C@H](Cc1ccccc1)NC(=O)[C@@H]1CCCc2ccccc21)B1OC2C[C@@H]3C[C@@H](C3(C)C)[C@]2(C)O1,5.17
CHEMBL3792511,CCCC[C@H](NC(=O)[C@H](Cc1ccccc1)NC(=O)[C@H]1CCCc2ccccc21)B1OC2C[C@@H]3C[C@@H](C3(C)C)[C@]2(C)O1,1.92
CHEMBL3793876,CC1(C)[C@@H]2CC3OB([C@H](Cc4ccccc4)NC(=O)[C@H](Cc4ccccc4)NC(=O)[C@H]4CCCc5ccccc54)O[C@@]3(C)[C@H]1C2,5.24
CHEMBL3792587,Cc1ccc(C[C@H](NC(=O)[C@H](Cc2ccccc2)NC(=O)[C@H]2CCCc3ccccc32)B2OC3C[C@@H]4C[C@@H](C4(C)C)[C@]3(C)O2)cc1,6.7
CHEMBL3794136,CC1(C)[C@@H]2CC3OB([C@H](Cc4ccc(F)cc4)NC(=O)[C@H](Cc4ccccc4)NC(=O)[C@H]4CCCc5ccccc54)O[C@@]3(C)[C@H]1C2,1.26
CHEMBL3792403,CC(C)C[C@H](NC(=O)[C@@H](NC(=O)C1CCCc2ccccc21)C(C)C)B1OC2C[C@@H]3C[C@@H](C3(C)C)[C@]2(C)O1,39.0
CHEMBL3792405,CC(C)C[C@H](NC(=O)C1CCCc2ccccc21)C(=O)N[C@@H](CC(C)C)B1OC2C[C@@H]3C[C@@H](C3(C)C)[C@]2(C)O1,14.2
CHEMBL3794131,CCC(C)[C@H](NC(=O)C1CCCc2ccccc21)C(=O)N[C@@H](CC(C)C)B1OC2C[C@@H]3C[C@@H](C3(C)C)[C@]2(C)O1,17.2
CHEMBL1169560,CC(C)C[C@H](NC(=O)[C@H](Cc1cccc2ccccc12)NC(=O)C1CCCc2ccccc21)B1OC2C[C@@H]3C[C@@H](C3(C)C)[C@]2(C)O1,4.26
CHEMBL1169561,CC(C)C[C@H](NC(=O)[C@H](Cc1ccc2ccccc2c1)NC(=O)C1CCCc2ccccc21)B1OC2C[C@@H]3C[C@@H](C3(C)C)[C@]2(C)O1,7.63
CHEMBL3792602,CC(C)C[C@H](NC(=O)[C@H](Cc1ccc2ccccc2c1)NC(=O)[C@H]1CCCc2ccccc21)B1OC2C[C@@H]3C[C@@H](C3(C)C)[C@]2(C)O1,6.12
CHEMBL3794171,CC(C)C[C@H](NC(=O)[C@H](Cc1c[nH]c2ccccc12)NC(=O)C1CCCc2ccccc21)B1OC2C[C@@H]3C[C@@H](C3(C)C)[C@]2(C)O1,3.67
CHEMBL3793242,CC(C)C[C@H](NC(=O)[C@H](Cc1ccccc1)NC(=O)C1CCc2ccccc2C1)B1OC2C[C@@H]3C[C@@H](C3(C)C)[C@]2(C)O1,1.46
CHEMBL3793066,CC1(C)[C@@H]2CC3OB([C@H](Cc4ccccc4)NC(=O)[C@H](Cc4ccccc4)NC(=O)C4CCc5ccccc5C4)O[C@@]3(C)[C@H]1C2,3.37
CHEMBL3793238,Cc1ccc(C[C@H](NC(=O)[C@H](Cc2ccccc2)NC(=O)C2CCc3ccccc3C2)B2OC3C[C@@H]4C[C@@H](C4(C)C)[C@]3(C)O2)cc1,1.16
CHEMBL3793581,CC(C)C[C@H](NC(=O)c1cccc2c1CCCC2)C(=O)N[C@@H](CC(C)C)B1OC2C[C@@H]3C[C@@H](C3(C)C)[C@]2(C)O1,1.15
CHEMBL3793192,CC(C)C[C@H](NC(=O)[C@@H](NC(=O)c1cccc2c1CCCC2)C(C)C)B1OC2C[C@@H]3C[C@@H](C3(C)C)[C@]2(C)O1,6.96
CHEMBL3793848,CC(C)C[C@H](NC(=O)[C@H](Cc1ccccc1)NC(=O)c1cccc2c1CCCC2)B1OC2C[C@@H]3C[C@@H](C3(C)C)[C@]2(C)O1,0.76
CHEMBL3794207,CC(C)C[C@H](NC(=O)[C@H](Cc1cccc2ccccc12)NC(=O)c1cccc2c1CCCC2)B1OC2C[C@@H]3C[C@@H](C3(C)C)[C@]2(C)O1,1.34
CHEMBL3793093,CC(C)C[C@H](NC(=O)[C@H](Cc1cccc2ccccc12)NC(=O)c1ccc2ccccc2c1)B1OC2C[C@@H]3C[C@@H](C3(C)C)[C@]2(C)O1,2.46
CHEMBL3794310,CC(C)C[C@H](NC(=O)[C@H](Cc1ccc2ccccc2c1)NC(=O)c1cccc2c1CCCC2)B1OC2C[C@@H]3C[C@@H](C3(C)C)[C@]2(C)O1,1.16
CHEMBL3794303,CCCC[C@H](NC(=O)[C@H](Cc1ccccc1)NC(C)=O)B1OC2C[C@@H]3C[C@@H](C3(C)C)[C@]2(C)O1,8.46
CHEMBL3792573,CC(=O)N[C@@H](Cc1ccccc1)C(=O)N[C@@H](CC(C)C)B1OC2C[C@@H]3C[C@@H](C3(C)C)[C@]2(C)O1,2.34
CHEMBL3793863,CC(=O)N[C@@H](Cc1ccccc1)C(=O)N[C@@H](Cc1ccc(C)cc1)B1OC2C[C@@H]3C[C@@H](C3(C)C)[C@]2(C)O1,2.73
CHEMBL3793068,CC(C)C[C@H](NC(=O)[C@H](Cc1ccc(O)cc1)NC(=O)OC(C)(C)C)B1OC2C[C@@H]3C[C@@H](C3(C)C)[C@]2(C)O1,16.4
CHEMBL3793665,CC(C)(C)OC(=O)N[C@@H](Cc1ccc(O)cc1)C(=O)N[C@@H](Cc1ccccc1)B1OC2C[C@@H]3C[C@@H](C3(C)C)[C@]2(C)O1,114.0
CHEMBL3793633,CCCC[C@H](NC(=O)[C@H](CC(C)C)NC(=O)OC(C)(C)C)B1OC2C[C@@H]3C[C@@H](C3(C)C)[C@]2(C)O1,49.5
CHEMBL3793010,CC(C)C[C@H](NC(=O)OC(C)(C)C)C(=O)N[C@@H](Cc1ccccc1)B1OC2C[C@@H]3C[C@@H](C3(C)C)[C@]2(C)O1,120.2
CHEMBL3792846,Cc1ccc(C[C@H](NC(=O)[C@H](CC(C)C)NC(=O)OC(C)(C)C)B2OC3C[C@@H]4C[C@@H](C4(C)C)[C@]3(C)O2)cc1,471.0
CHEMBL3794482,CC(C)C[C@H](NC(=O)[C@H](Cc1c[nH]c2ccccc12)NC(=O)OCc1ccccc1)B1OC2C[C@@H]3C[C@@H](C3(C)C)[C@]2(C)O1,41.2
CHEMBL3793683,Cc1ccc(C[C@H](NC(=O)[C@H](Cc2c[nH]c3ccccc23)NC(=O)OCc2ccccc2)B2OC3C[C@@H]4C[C@@H](C4(C)C)[C@]3(C)O2)cc1,3.34
CHEMBL499083,O=C(N[C@@H](Cc1ccccc1)C(=O)N[C@@H](Cc1ccc(F)cc1)B(O)O)c1cnccn1,4.37
CHEMBL3794075,Cc1cnc(C(=O)N[C@@H](Cc2ccccc2)C(=O)N[C@@H](CC(C)C)B(O)O)cn1,26.24
CHEMBL3792495,CC(C)C[C@H](NC(=O)[C@H](Cc1ccc(C(F)(F)F)cc1)NC(=O)c1cnccn1)B(O)O,42.61
CHEMBL3794347,CC(C)C[C@H](NC(=O)[C@H](Cc1ccc(C(F)(F)F)cc1)NC(=O)c1cc(Cl)ccc1Cl)B(O)O,8.32
CHEMBL3793540,CC(C)C[C@H](NC(=O)[C@H](Cc1cc(C(F)(F)F)cc(C(F)(F)F)c1)NC(=O)c1cc(Cl)ccc1Cl)B(O)O,25.02
CHEMBL3793107,COc1cc(C[C@H](NC(=O)c2cc(Cl)ccc2Cl)C(=O)N[C@@H](CC(C)C)B(O)O)cc(OC)c1,4.6
CHEMBL3798365,O=c1c2ccccc2c(-c2ccc(OCCCC[P+](c3ccccc3)(c3ccccc3)c3ccccc3)cc2)nn1-c1ccccc1,9880.0
CHEMBL3799308,O=c1c2ccccc2c(-c2ccc(OCCCC[P+](c3ccccc3)(c3ccccc3)c3ccccc3)cc2)nn1-c1cccs1,17630.0
CHEMBL3798569,CCN(CC)c1ccc(-n2nc(-c3ccc(OCCCC[P+](c4ccccc4)(c4ccccc4)c4ccccc4)cc3)c3ccccc3c2=O)cc1,10250.0
CHEMBL3799001,CNc1ccc(-n2nc(-c3ccc(OCCCC[P+](c4ccccc4)(c4ccccc4)c4ccccc4)cc3)c3ccccc3c2=O)cc1,14230.0
CHEMBL3800382,O=c1c2ccccc2c(-c2ccc(OCCCC[P+](c3ccccc3)(c3ccccc3)c3ccccc3)cc2)nn1-c1ccc2ccccc2c1,13760.0
CHEMBL3798873,CCN(CC)c1ccc(-n2nc(-c3ccc(OCCCC[P+](C4CCCCC4)(C4CCCCC4)C4CCCCC4)cc3)c3ccccc3c2=O)cc1,13340.0
CHEMBL3799436,CC(C)Cn1nc(-c2ccc(OCCCC[P+](c3ccccc3)(c3ccccc3)c3ccccc3)cc2)c2ccccc2c1=O,26050.0
CHEMBL3800475,O=c1c2ccccc2c(-c2ccc(OCCCC[P+](c3ccccc3)(c3ccccc3)c3ccccc3)cc2)nn1CC1CC1,23050.0
CHEMBL3800196,O=c1c2ccccc2c(-c2ccc(OCCCC[P+](c3ccccc3)(c3ccccc3)c3ccccc3)cc2)nn1CC1CCC1,21540.0
CHEMBL3798107,O=c1c2ccccc2c(-c2ccc(OCCCC[P+](c3ccccc3)(c3ccccc3)c3ccccc3)cc2)nn1CC1CCCCC1,16140.0
CHEMBL3797781,O=c1c2ccccc2c(-c2ccc(OCCCC[P+](c3ccccc3)(c3ccccc3)c3ccccc3)cc2)nn1Cc1ccccc1,11860.0
CHEMBL3805801,Cc1nc2ccc(N3CCCCC3)cc2cc1C1=CCCCC1,5260.0
CHEMBL3805812,Cc1nc2ccc(N3CCOCC3)cc2cc1C1=CCCCC1,9100.0
CHEMBL3805496,CCc1nc2ccc(N(C)C)cc2cc1C1=CCCCC1,5600.0
CHEMBL3805486,Cc1nc2ccc(N(C)C)cc2cc1C1=CCCCC1,6100.0
CHEMBL3805988,CN(C)c1ccc2ncc(C3=CCCCC3)cc2c1,6300.0
CHEMBL3806320,CCCCc1ccc2nc(C)c(C3=CCCCC3)cc2c1,7600.0
CHEMBL3805932,Cc1ccc2nc(C)c(C3=CCCCC3)cc2c1,8500.0
CHEMBL3805918,Cc1nc2ccc(F)cc2cc1C1=CCCCC1,25000.0
CHEMBL3804889,Cc1nc2ccc(Cl)cc2cc1C1=CCCCC1,25000.0
CHEMBL3805160,Cc1nc2ccc(Br)cc2cc1C1=CCCCC1,9900.0
CHEMBL3805485,Cc1nc2cc(Br)cc(Br)c2cc1C1=CCCCC1,25000.0
CHEMBL3804977,Cc1nc2cc(Cl)cc(Cl)c2cc1C1=CCCCC1,25000.0
CHEMBL3805787,Cc1nc2ccccc2cc1C1=CCCCC1,25000.0
CHEMBL3806104,Cc1cc(C)c2cc(-c3ccccc3)c(-c3ccccc3)nc2c1,25000.0
CHEMBL3805013,Cc1cc(C)c2cc(C3CCCCC3)c(C)nc2c1,8200.0
CHEMBL3805830,C=C(C)c1cc2c(C)cc(C)cc2nc1CC,25000.0
CHEMBL3805729,Cc1cc(C)c2cc(C3=CCCCC3)cnc2c1,13800.0
CHEMBL3806156,CCc1nc2cc(C)cc(C)c2cc1C1=CCCCC1,19900.0
CHEMBL3805213,Cc1cc(C)c2cc(C3=CCCCC3)c(C)nc2c1,14400.0
CHEMBL3806263,Cc1cc(C)c2cc(-c3ccccc3)c(C)nc2c1,15300.0
CHEMBL3805282,Cc1ccc2nc(C)c(-c3ccccc3)cc2c1,19200.0
CHEMBL3805307,Cc1cc(C)c2cc(-c3ccccc3)cnc2c1,23600.0
CHEMBL3805672,c1ccc(-c2cnc3ccccc3c2)cc1,25000.0
CHEMBL195661,Cc1cnc2ccccc2c1,25000.0
CHEMBL194931,Cc1ccc2ccccc2n1,25000.0
CHEMBL3805312,COc1ccc2nc(C)c(C3=CCCCC3)cc2c1,25000.0
CHEMBL3805167,COc1cc2nc(C)c(C3=CCCCC3)cc2c(OC)c1OC,15600.0
CHEMBL3805324,CN(C)c1ccc2ncc(C3CCCCC3)cc2c1,5500.0
CHEMBL3805440,Cc1nc2ccc(N(C)C)cc2cc1C1CCCCC1,6700.0
CHEMBL3805100,Cc1nc2ccc(C(C)C)cc2cc1C1=CCCCC1,7800.0
CHEMBL3805957,CN(C)c1ccc2ncc(C(C)(C)C)cc2c1,25000.0
CHEMBL3804847,CCCCc1ccc2cc(N(C)C)ccc2n1,25000.0
CHEMBL3805403,CCc1cc2cc(N(C)C)ccc2nc1CC,18700.0
CHEMBL3806316,Cc1nc2ccc(N(C)C)cc2cc1-c1ccccc1,10000.0
CHEMBL3805036,CN(C)c1ccc2nc(-c3ccccc3)c(-c3ccccc3)cc2c1,25000.0
CHEMBL3805379,CCCCc1ccc2nc(C)c(-c3ccccc3)cc2c1,21600.0
CHEMBL3805152,Cc1nc2ccc(C(C)C)cc2cc1-c1ccccc1,25000.0
CHEMBL3805961,Cc1nc2ccc(Br)cc2cc1-c1ccccc1,25000.0
CHEMBL449298,Nc1ccc(O)c2ncccc12,600.0
CHEMBL1728276,O=C1COc2c1ccc(O)c2O,3000.0
CHEMBL451887,CC(C)C[C@H](NC(=O)[C@H](CCc1ccccc1)NC(=O)CN1CCOCC1)C(=O)N[C@@H](Cc1ccccc1)C(=O)N[C@@H](CC(C)C)C(=O)[C@@]1(C)CO1,8.4
CHEMBL3945664,O=C(Nc1nccs1)C1CCN(C(=O)N[C@@H](CCc2ccccc2)C(=O)N[C@@H](CCc2ccccc2)C(=O)NCc2ccccc2Cl)CC1,4.3
CHEMBL3890793,O=C(Nc1cccnc1)C1CCN(C(=O)N[C@@H](CCc2ccccc2)C(=O)N[C@@H](CCc2ccccc2)C(=O)NCc2ccccc2Cl)CC1,1.4
CHEMBL3918862,O=C(Nc1ccccn1)C1CCN(C(=O)N[C@@H](CCc2ccccc2)C(=O)N[C@@H](CCc2ccccc2)C(=O)NCc2ccccc2Cl)CC1,2.4
CHEMBL3899778,COc1ccc(NC(=O)C2CCN(C(=O)N[C@@H](CCc3ccccc3)C(=O)N[C@@H](CCc3ccccc3)C(=O)NCc3ccccc3Cl)CC2)cc1,15.7
CHEMBL3924372,O=C(Nc1ccc(F)cc1)C1CCN(C(=O)N[C@@H](CCc2ccccc2)C(=O)N[C@@H](CCc2ccccc2)C(=O)NCc2ccccc2Cl)CC1,16.9
CHEMBL3890040,O=C(Nc1ccccc1)C1CCN(C(=O)N[C@@H](CCc2ccccc2)C(=O)N[C@@H](CCc2ccccc2)C(=O)NCc2ccccc2Cl)CC1,3.0
CHEMBL3959072,O=C(NC1CCN(C(=O)N[C@@H](CCc2ccccc2)C(=O)N[C@@H](CCc2ccccc2)C(=O)NCc2ccccc2Cl)CC1)c1cnccn1,23.7
CHEMBL3942696,O=C(Nc1cnccn1)C1CCN(C(=O)N[C@@H](CCc2ccccc2)C(=O)N[C@@H](CCc2ccccc2)C(=O)NCc2ccccc2Cl)CC1,14.7
CHEMBL3914696,O=C(NC1CCN(C(=O)N[C@@H](Cc2ccccc2)C(=O)N[C@@H](CCc2ccccc2)C(=O)NCc2ccccc2Cl)CC1)c1cnccn1,343.9
CHEMBL3959621,O=C(Nc1cnccn1)C1CCN(C(=O)N[C@@H](Cc2ccccc2)C(=O)N[C@@H](CCc2ccccc2)C(=O)NCc2ccccc2Cl)CC1,152.9
CHEMBL3905708,CC(C)C[C@H](NC(=O)N1CCC(NC(=O)c2cnccn2)CC1)C(=O)N[C@@H](CCc1ccccc1)C(=O)NCc1ccccc1Cl,45.7
CHEMBL3960165,CC(C)C[C@H](NC(=O)N1CCC(C(=O)Nc2cnccn2)CC1)C(=O)N[C@@H](CCc1ccccc1)C(=O)NCc1ccccc1Cl,16.6
CHEMBL3932672,C[C@H](NC(=O)N1CCC(NC(=O)c2cnccn2)CC1)C(=O)N[C@@H](CCc1ccccc1)C(=O)NCc1ccccc1Cl,669.9
CHEMBL3951433,C[C@H](NC(=O)N1CCC(C(=O)Nc2cnccn2)CC1)C(=O)N[C@@H](CCc1ccccc1)C(=O)NCc1ccccc1Cl,601.4
CHEMBL67885,COc1ccc2c(c1)C(CC(=O)N[C@@H](CC(C)C)C(=O)N[C@H](CC(C)C)C(=O)NCc1c(F)cccc1F)CC2=O,140.0
CHEMBL4100295,C[C@]1(C(=O)[C@H](Cc2ccccc2)NC(=O)[C@H](CO)NC(=O)c2cccc(=O)[nH]2)CO1,6894.0
CHEMBL4101256,C[C@H](NC(=O)c1cccc(=O)[nH]1)C(=O)N[C@@H](Cc1ccccc1)C(=O)[C@@]1(C)CO1,42468.0
CHEMBL4074528,COc1ccc(C[C@H](NC(=O)c2cccc(=O)[nH]2)C(=O)N[C@@H](Cc2ccccc2)C(=O)[C@@]2(C)CO2)cc1,18226.0
CHEMBL4064046,CC[C@H](C)[C@H](NC(=S)Nc1cccc([N+](=O)[O-])c1)C(=O)N[C@H](Cc1ccccc1)C(=O)Nc1cccc(OC)c1,22290.0
CHEMBL4085613,CC[C@H](C)[C@H](NC(=S)Nc1cccc([N+](=O)[O-])c1)C(=O)N[C@H](Cc1ccccc1)C(=O)Nc1ccc(C)c(C)c1,50000.0
CHEMBL4072644,CC[C@H](C)[C@H](NC(=S)Nc1cccc([N+](=O)[O-])c1)C(=O)N[C@H](Cc1ccccc1)C(=O)Nc1cccc(Cl)c1,5840.0
CHEMBL4093360,CC[C@H](C)[C@H](NC(=S)Nc1cccc([N+](=O)[O-])c1)C(=O)N[C@H](Cc1ccccc1)C(=O)Nc1cccc(F)c1,3570.0
CHEMBL4094297,CC[C@H](C)[C@H](NC(=S)Nc1cccc([N+](=O)[O-])c1)C(=O)N[C@H](Cc1ccccc1)C(=O)Nc1ccc(OC)cc1,29030.0
CHEMBL4066773,CC[C@H](C)[C@H](NC(=S)Nc1cccc([N+](=O)[O-])c1)C(=O)N[C@H](Cc1ccccc1)C(=O)Nc1ccc(Br)cc1,2710.0
CHEMBL4102028,CC[C@H](C)[C@H](NC(=S)Nc1cccc([N+](=O)[O-])c1)C(=O)N[C@H](Cc1ccccc1)C(=O)Nc1ccc(F)cc1,1970.0
CHEMBL4077762,CC[C@H](C)[C@H](NC(=S)Nc1cccc([N+](=O)[O-])c1)C(=O)N[C@H](Cc1ccccc1)C(=O)Nc1ccc(Cl)c(Cl)c1,1360.0
CHEMBL4078686,CC[C@H](C)[C@H](NC(=S)Nc1cccc([N+](=O)[O-])c1)C(=O)N[C@H](Cc1ccccc1)C(=O)Nc1cccc(C(F)(F)F)c1,8.6
CHEMBL4096708,CC[C@H](C)[C@H](NC(=S)Nc1cccc([N+](=O)[O-])c1)C(=O)N[C@H](Cc1ccccc1)C(=O)Nc1ccc(C)c(Cl)c1,50000.0
CHEMBL4092511,CC[C@H](C)[C@H](NC(=S)Nc1ccc(C(F)(F)F)cc1)C(=O)N[C@H](Cc1ccccc1)C(=O)Nc1cccc(Br)c1,22.0
CHEMBL4064812,CC[C@H](C)[C@H](NC(=S)Nc1ccc(Br)cc1)C(=O)N[C@H](Cc1ccccc1)C(=O)Nc1ccc(C)c(Cl)c1,50000.0
CHEMBL4100259,CC[C@H](C)[C@H](NC(=S)Nc1cccc(C(F)(F)F)c1)C(=O)N[C@H](Cc1ccccc1)C(=O)Nc1ccc(Cl)c(Cl)c1,17.0
CHEMBL4073408,CC[C@H](C)[C@H](NC(=S)Nc1cccc(C(F)(F)F)c1)C(=O)N[C@H](Cc1ccccc1)C(=O)Nc1cccc(C(F)(F)F)c1,19600.0
CHEMBL4062055,CC[C@H](C)[C@H](/N=C(/Nc1cccc(C(F)(F)F)c1)SC)C(=O)N[C@H](Cc1ccccc1)C(=O)Nc1ccc(Cl)c(Cl)c1,22160.0
CHEMBL4083790,CC[C@H](C)[C@H](/N=C(/Nc1cccc(C(F)(F)F)c1)SC)C(=O)N[C@H](Cc1ccccc1)C(=O)Nc1cccc(C(F)(F)F)c1,8830.0
CHEMBL4070680,CC[C@H](C)[C@H](/N=C(/Nc1cccc([N+](=O)[O-])c1)SC)C(=O)N[C@H](Cc1ccccc1)C(=O)Nc1ccc(C)c(C)c1,50000.0
CHEMBL4090916,CC(C)(C)CNC(=O)C[C@H](NC(=O)N1CCC(NC(=O)c2cnccn2)CC1)C(=O)N[C@@H](CCc1ccccc1)C(=O)NCc1ccc2c(c1)OCO2,10.0
CHEMBL4102973,CC(C)(C)CNC(=O)C[C@H](NC(=O)N1CCC(C(=O)Nc2cnccn2)CC1)C(=O)N[C@@H](CCc1ccccc1)C(=O)NCc1ccc2c(c1)OCO2,2.9
CHEMBL4078693,CC(C)(C)CNC(=O)C[C@H](NC(=O)N1CCC(NC(=O)c2ccc(F)cc2)CC1)C(=O)N[C@@H](CCc1ccccc1)C(=O)NCc1ccccc1Cl,1.2
CHEMBL4094582,CC(C)(C)CNC(=O)C[C@H](NC(=O)N1CCC(C(=O)Nc2ccc(F)cc2)CC1)C(=O)N[C@@H](CCc1ccccc1)C(=O)NCc1ccccc1Cl,1.5
CHEMBL4067120,COc1ccc(NC(=O)C2CCN(C(=O)N[C@@H](CC(=O)NCC(C)(C)C)C(=O)N[C@@H](CCc3ccccc3)C(=O)NCc3ccccc3Cl)CC2)cc1,25.7
CHEMBL4086868,CC(C)(C)CNC(=O)C[C@H](NC(=O)N1CCC(C(=O)Nc2ccc(C(F)(F)F)cc2)CC1)C(=O)N[C@@H](CCc1ccccc1)C(=O)NCc1ccccc1Cl,192.5
CHEMBL4104744,CC(C)(C)CNC(=O)C[C@H](NC(=O)N1CCC(C(=O)Nc2cccnc2)CC1)C(=O)N[C@@H](CCc1ccccc1)C(=O)NCc1ccccc1Cl,0.7
CHEMBL4064404,CC(C)(C)CNC(=O)C[C@H](NC(=O)N1CCC(C(=O)Nc2ccccn2)CC1)C(=O)N[C@@H](CCc1ccccc1)C(=O)NCc1ccccc1Cl,1.0
CHEMBL4085936,CC(C)(C)CNC(=O)C[C@H](NC(=O)N1CCC(C(=O)Nc2ccon2)CC1)C(=O)N[C@@H](CCc1ccccc1)C(=O)NCc1ccccc1Cl,7.0
CHEMBL4102324,CC(C)(C)CNC(=O)C[C@H](NC(=O)N1CCC(C(=O)Nc2nccs2)CC1)C(=O)N[C@@H](CCc1ccccc1)C(=O)NCc1ccccc1Cl,0.9
CHEMBL4078056,CC(C)(C)CNC(=O)C[C@H](NC(=O)N1CCC(C(=O)NCc2nccs2)CC1)C(=O)N[C@@H](CCc1ccccc1)C(=O)NCc1ccccc1Cl,1.0
CHEMBL4069929,CC(C)(C)CNC(=O)C[C@H](NC(=O)N1CCC(C(=O)Nc2cnccn2)CC1)C(=O)N[C@@H](CCc1ccccc1)C(=O)NCc1ccc(F)cc1F,6.6
CHEMBL4083128,CC(C)(C)CNC(=O)C[C@H](NC(=O)N1CCC(NC(=O)c2cnccn2)CC1)C(=O)N[C@@H](CCc1ccccc1)C(=O)NCc1ccc(F)cc1F,10.8
CHEMBL4061262,CC(C)(C)CNC(=O)C[C@H](NC(=O)N1CCC(C(=O)Nc2cnccn2)CC1)C(=O)N[C@@H](CCc1ccccc1)C(=O)NCc1ccccc1Cl,0.6
CHEMBL4072652,CC(C)(C)CNC(=O)C[C@H](NC(=O)N1CCC(NC(=O)c2cnccn2)CC1)C(=O)N[C@@H](CCc1ccccc1)C(=O)NCc1ccccc1Cl,1.1
CHEMBL4099557,CC(C)(C)CNC(=O)C[C@H](NC(=O)N1CCC(C(=O)Nc2cnccn2)CC1)C(=O)N[C@@H](Cc1ccccc1)C(=O)NCc1ccccc1Cl,18.0
CHEMBL4064053,CC(C)(C)CNC(=O)C[C@H](NC(=O)N1CCC(NC(=O)c2cnccn2)CC1)C(=O)N[C@@H](Cc1ccccc1)C(=O)NCc1ccccc1Cl,41.0
CHEMBL4091814,CC(C)C[C@H](NC(=O)[C@H](CC(=O)NCC(C)(C)C)NC(=O)N1CCC(C(=O)Nc2cnccn2)CC1)C(=O)NCc1ccccc1Cl,11.6
CHEMBL4086778,CC(C)C[C@H](NC(=O)[C@H](CC(=O)NCC(C)(C)C)NC(=O)N1CCC(NC(=O)c2cnccn2)CC1)C(=O)NCc1ccccc1Cl,21.8
CHEMBL4078258,C[C@H](NC(=O)[C@H](CC(=O)NCC(C)(C)C)NC(=O)N1CCC(C(=O)Nc2cnccn2)CC1)C(=O)NCc1ccccc1Cl,19.7
CHEMBL4099146,C[C@H](NC(=O)[C@H](CC(=O)NCC(C)(C)C)NC(=O)N1CCC(NC(=O)c2cnccn2)CC1)C(=O)NCc1ccccc1Cl,13.3
CHEMBL4072186,CC(C)(C)CNC(=O)C[C@H](NC(=O)N1CCN(C(=O)c2ccc(F)cc2)CC1)C(=O)N[C@@H](CCc1ccccc1)C(=O)NCc1ccccc1Cl,3.8
CHEMBL4060792,CC(C)(C)CNC(=O)C[C@H](NC(=O)N1CCN(C(=O)c2ccccn2)CC1)C(=O)N[C@@H](CCc1ccccc1)C(=O)NCc1ccccc1Cl,5.5
CHEMBL4082676,CC(C)(C)CNC(=O)C[C@H](NC(=O)C1CCN(C(=O)c2ccc(F)cc2)CC1)C(=O)N[C@@H](CCc1ccccc1)C(=O)NCc1ccccc1Cl,2.6
CHEMBL4099839,CC(C)(C)CNC(=O)C[C@H](NC(=O)C1CCN(C(=O)c2cnccn2)CC1)C(=O)N[C@@H](CCc1ccccc1)C(=O)NCc1ccccc1Cl,2.4
CHEMBL4074568,C[C@@H](CO)NC(=O)c1ccccc1O,24790.0
CHEMBL4072145,O=CN(O)CCC[C@@H](NC(=O)[C@H](CO)NC(=O)[C@@H]1COC(c2ccccc2O)=N1)C(=O)NCCC(=O)N[C@@H]1CCCN(O)C1=O,39400.0
CHEMBL4089215,CC(C)C[C@H](NC(=O)[C@H](Cc1ccccc1)NC1=CC(=O)c2ccccc2C1=O)B(O)O,11.42
CHEMBL4088947,CC(C)C[C@H](NC1=CC(=O)c2ccccc2C1=O)C(=O)N[C@@H](CC(C)C)B(O)O,44.25
CHEMBL4092267,CC(C)C[C@H](NC(=O)CNC1=CC(=O)c2ccccc2C1=O)B(O)O,23.17
CHEMBL4102483,CC1=C(N[C@@H](Cc2ccccc2)C(=O)N[C@@H](CC(C)C)B(O)O)C(=O)c2ccccc2C1=O,25.93
CHEMBL4100015,CC(C)C[C@H](NC(=O)[C@H](Cc1ccccc1)NC1=C(Cl)C(=O)c2ccccc2C1=O)B(O)O,24.58
CHEMBL4071106,C#Cc1ccc(COC(=O)[C@H](C)NC(=O)[C@H](CCCCNC(=O)[C@@H]2OC(=O)[C@H]2CCCCCC)NC(=O)OCc2ccccc2)cc1,260.0
CHEMBL4098160,CCCCCC[C@@]1(C)C(=O)O[C@H]1C(=O)NCCCC[C@H](NC(=O)[C@H](C)NC(=O)OCc1ccccc1)C(=O)OCc1ccccc1,3390.0
CHEMBL4066131,CCCCCC[C@@]1(C)C(=O)O[C@@H]1C(=O)NCCCC[C@H](NC(=O)[C@H](C)NC(=O)OCc1ccccc1)C(=O)OCc1ccccc1,2180.0
CHEMBL4087502,CCCCCC[C@]1(C)C(=O)O[C@H]1C(=O)NCCCC[C@H](NC(=O)[C@H](C)NC(=O)OCc1ccccc1)C(=O)OCc1ccccc1,2430.0
CHEMBL4081526,CCCCCC[C@H]1C(=O)O[C@@H]1C(=O)NCCCC[C@H](NC(=O)CNC(=O)OCc1ccccc1)C(=O)OCc1ccccc1,1380.0
CHEMBL4099536,CCCCCC[C@H]1C(=O)O[C@@H]1C(=O)NCCCC[C@H](NC(=O)OCc1ccccc1)C(=O)N[C@@H](C)C(=O)OCc1ccccc1,2710.0
CHEMBL4070939,CCCCCC[C@@H]1C(=O)O[C@H]1C(=O)NCCCC[C@@H]1NC(=O)N([C@@H](C)C(=O)OCc2ccccc2)C1=O,510.0
CHEMBL4091800,CCCCCC[C@@H]1C(=O)O[C@H]1C(=O)NCCCC[C@H](NC(=O)OCc1ccccc1)C(=O)N[C@@H](C)C(=O)OCc1ccccc1,370.0
CHEMBL4062314,CCCCCC[C@@H]1C(=O)O[C@H]1C(=O)NCCCC[C@H](NC(=O)[C@H](C)NC(=O)c1ccc(Br)cc1)C(=O)OCc1ccccc1,510.0
CHEMBL4084033,CCCCCC[C@@H]1C(=O)O[C@H]1C(=O)NCCC[C@H](NC(=O)[C@H](C)NC(=O)OCc1ccccc1)C(=O)OCc1ccccc1,700.0
CHEMBL4100488,CCCCCC[C@@H]1C(=O)O[C@H]1C(=O)NCCCC[C@H](NC(=O)CNC(=O)OCc1ccccc1)C(=O)OCc1ccccc1,570.0
CHEMBL4073670,CCCCCC[C@@H]1C(=O)O[C@H]1C(=O)NCCCC[C@H](NC(=O)[C@H](C)NC(=O)OCc1ccccc1)C(=O)OCc1ccccc1,500.0
CHEMBL175247,CCCCCCCCCCC[C@@H](C[C@@H]1OC(=O)[C@H]1CCCCCC)OC(=O)[C@H](CC(C)C)NC=O,100000.0
CHEMBL484701,CC(C)C[C@H](NC(=O)[C@H](Cc1ccccc1)NC(=O)NCc1ccccc1)B(O)O,10.0
CHEMBL4077282,CC(C)C[C@H](NC(=O)[C@H](Cc1ccccc1)NC(=O)NCCc1ccccc1)B(O)O,20.0
CHEMBL4080306,CC(C)C[C@H](NC(=O)[C@H](Cc1ccccc1)NC(=O)N[C@H](C)c1ccccc1)B(O)O,10.0
CHEMBL4075298,CC(C)C[C@H](NC(=O)[C@H](Cc1ccccc1)NC(=O)N[C@@H](C)c1ccccc1)B(O)O,200.0
CHEMBL4089402,CC(C)C[C@H](NC(=O)[C@H](Cc1ccccc1)NC(=O)N1CCc2ccccc2C1)B(O)O,0.0002
CHEMBL4068221,CC(C)C[C@H](NC(=O)[C@H](Cc1ccccc1)NC(=O)N(C)Cc1ccccc1)B(O)O,2.0
CHEMBL4077037,Cc1cccc(CNC(=O)N[C@@H](Cc2ccccc2)C(=O)N[C@@H](CC(C)C)B(O)O)c1C,4.0
CHEMBL4065491,CC(C)C[C@H](NC(=O)[C@H](Cc1ccccc1)NC(=O)NCc1cnccn1)B(O)O,50.0
CHEMBL4091983,CC(C)C[C@H](NC(=O)[C@H](Cc1ccccc1)NC(=O)NCc1cc(Cl)ccc1Cl)B(O)O,40.0
CHEMBL4070336,CC(C)C[C@H](NC(=O)[C@H](Cc1ccccc1)NC(=O)NCc1cccc(-c2ccccc2)c1)B(O)O,0.3
CHEMBL4096371,CC(C)C[C@H](NC(=O)[C@H](Cc1ccccc1)NC(=O)NCc1ccco1)B(O)O,20.0
CHEMBL4075225,CC(C)C[C@H](NC(=O)[C@H](Cc1ccccc1)NC(=O)NCc1ccc2ccccc2c1)B(O)O,12.0
CHEMBL4100727,CC(C)C[C@H](NC(=O)[C@H](Cc1ccccc1)NC(=O)NCc1ccc(F)c(F)c1)B(O)O,2.0
CHEMBL4076838,CC(C)C[C@H](NC(=O)[C@H](Cc1ccccc1)NC(=O)NCc1cccc([N+](=O)[O-])c1)B(O)O,3.0
CHEMBL4105585,CC(C)C[C@H](NC(=O)[C@H](Cc1ccccc1)NC(=O)N1CCc2ccccc2C1=O)B(O)O,660.0
CHEMBL4074327,CC(C)C[C@@H](C=O)NC(=O)c1cc(Cl)ccc1OCc1ccccc1,1000.0
CHEMBL4105518,O=C[C@H](Cc1ccccc1)NC(=O)c1cc(Cl)ccc1OCc1ccccc1,1000.0
CHEMBL4087634,CC(C)CC(C=O)NC(=O)[C@H](CC(C)C)NC(=O)c1cc(Cl)ccc1OCc1ccccc1,1000.0
CHEMBL4103403,CC(C)C[C@H](NC(=O)c1cc(Cl)ccc1OCc1ccccc1)C(=O)N[C@H](C=O)Cc1ccccc1,1000.0
CHEMBL4084717,CC(C)CC(C=O)NC(=O)[C@H](Cc1ccccc1)NC(=O)c1cc(Cl)ccc1OCc1ccccc1,1000.0
CHEMBL4076234,O=C[C@H](Cc1ccccc1)NC(=O)[C@H](Cc1ccccc1)NC(=O)c1cc(Cl)ccc1OCc1ccccc1,1000.0
CHEMBL4087490,CC(C)CC(C=O)NC(=O)[C@H](CC(C)C)NC(=O)[C@H](CC(C)C)NC(=O)c1cc(Cl)ccc1OCc1ccccc1,99.0
CHEMBL4076340,CC(C)C[C@@H](C=O)NC(=O)[C@H](CC(C)C)NC(=O)[C@H](CC(C)C)NC(=O)c1cc(Cl)ccc1OCc1ccccc1,57.0
CHEMBL4076043,CC(C)C[C@H](NC(=O)c1cc(Cl)ccc1OCc1ccccc1)C(=O)N[C@@H](CC(C)C)C(=O)N[C@@H](C=O)CC(C)C,182.0
CHEMBL4061779,CC(C)C[C@H](NC(=O)c1cc(Cl)ccc1OCc1ccccc1)C(=O)N[C@@H](CC(C)C)C(=O)NC(C=O)Cc1ccccc1,197.0
CHEMBL4102943,CC(C)C[C@@H](C=O)NC(=O)[C@H](Cc1ccccc1)NC(=O)[C@H](CC(C)C)NC(=O)c1cc(Cl)ccc1OCc1ccccc1,67.0
CHEMBL4062305,CC(C)C[C@H](NC(=O)c1cc(Cl)ccc1OCc1ccccc1)C(=O)N[C@@H](Cc1ccccc1)C(=O)N[C@@H](C=O)CC(C)C,75.0
CHEMBL4084020,CC(C)CC(C=O)NC(=O)[C@H](Cc1ccccc1)NC(=O)[C@H](CC(C)C)NC(=O)c1cc(Cl)ccc1OCc1ccccc1,90.0
CHEMBL4105439,CC(C)C[C@H](NC(=O)c1cc(Cl)ccc1OCc1ccccc1)C(=O)N[C@@H](Cc1ccccc1)C(=O)N[C@H](C=O)Cc1ccccc1,110.0
CHEMBL4087567,CC(C)C[C@H](NC(=O)c1cc(Cl)ccc1OCc1ccccc1)C(=O)N[C@@H](Cc1ccccc1)C(=O)NC(C=O)Cc1ccccc1,168.0
CHEMBL4062228,CC(C)C[C@H](NC(=O)c1cc(Cl)ccc1O)C(=O)N[C@H](C=O)Cc1ccccc1,1000.0
CHEMBL4083955,CC(C)C[C@@H](C=O)NC(=O)[C@H](Cc1ccccc1)NC(=O)[C@H](CC(C)C)NC(=O)c1cc(Cl)ccc1O,237.0
CHEMBL4070848,CC(C)C[C@H](NC(=O)c1cc(Cl)ccc1O)C(=O)N[C@@H](Cc1ccccc1)C(=O)N[C@H](C=O)Cc1ccccc1,740.0
CHEMBL4101493,CC(C)C[C@H](NC(=O)OCc1ccccc1)C(=O)N[C@@H](Cc1ccc2ccccc2c1)C(=O)N1CCC[C@H]1B(O)O,18.0
CHEMBL4126890,C=C1CC[C@H]2C(C)(C)[C@H](O)CC[C@]2(C)[C@H]1CC1=C(O)C(=O)C2=C(C1=O)[C@@]13C=C[C@@H](O)[C@H](O)[C@]1(C2)C(=O)c1c(O)cc(C)cc1C3=O,18500.0
CHEMBL4128448,CC(C)C[C@H](NC(=O)[C@H](Cc1ccccc1)Oc1ccccc1)B(O)O,126.0
CHEMBL4127512,CC(C)C[C@H](NC(=O)[C@H](Cc1ccccc1)Oc1cccc2ccccc12)B(O)O,275.0
CHEMBL4128910,CC(C)C[C@H](NC(=O)[C@H](Cc1ccccc1)Oc1cnccn1)B(O)O,155.0
CHEMBL4128759,CC(C)C[C@H](NC(=O)[C@H](Cc1ccccc1)Nc1ccccc1)B(O)O,335.0
CHEMBL4130122,CC(C)C[C@H](NC(=O)[C@H](Cc1ccccc1)Nc1cccc2ccccc12)B(O)O,166.0
CHEMBL4129976,CC(C)C[C@H](NC(=O)[C@H](Cc1ccccc1)Nc1cnccn1)B(O)O,192.0
CHEMBL4126712,CC(C)C[C@H](NC(=O)[C@H](Cc1ccccc1)OCc1ccccc1)B(O)O,36.0
CHEMBL4126552,CC(C)C[C@H](NC(=O)[C@H](Cc1ccccc1)OCc1cccc2ccccc12)B(O)O,109.0
CHEMBL4127942,CC(C)C[C@H](NC(=O)[C@H](Cc1ccccc1)OCc1cnccn1)B(O)O,53.0
CHEMBL4127259,CC(C)C[C@H](NC(=O)[C@H](Cc1ccccc1)NCc1ccccc1)B(O)O,9.7
CHEMBL4128643,CC(C)C[C@H](NC(=O)[C@H](Cc1ccccc1)NCc1cccc2ccccc12)B(O)O,92.0
CHEMBL4126967,CC(C)C[C@H](NC(=O)[C@H](Cc1ccccc1)NCc1cnccn1)B(O)O,65.0
CHEMBL4129220,CC(C)C[C@H](NC(=O)OCc1ccccc1)C(=O)N[C@@H](CC(C)C)C(=O)N[C@@H](CC(C)C)C(=O)N[C@@H](CCCNC(=N)N)CS(=O)(=O)F,10000.0
CHEMBL4125911,CC(C)C[C@H](NC(=O)[C@H](CC(C)C)NC(=O)[C@H](Cc1ccccc1)NC(=O)OCc1ccccc1)C(=O)N[C@@H](CCCNC(=N)N)CS(=O)(=O)F,6700.0
CHEMBL4129319,CC(C)C[C@H](NC(=O)[C@H](CC(C)C)NC(=O)[C@H](Cc1ccccc1)NC(=O)OC(C)(C)C)C(=O)N[C@@H](CCCNC(=N)N)CS(=O)(=O)F,27800.0
CHEMBL4127928,CC(=O)N[C@@H](Cc1ccccc1)C(=O)N[C@@H](CC(C)C)C(=O)N[C@@H](CC(C)C)C(=O)N[C@@H](CCCNC(=N)N)CS(=O)(=O)F,69000.0
CHEMBL4128074,CC(C)C[C@H](NC(=O)[C@@H](N)Cc1ccccc1)C(=O)N[C@@H](CC(C)C)C(=O)N[C@@H](CCCNC(=N)N)CS(=O)(=O)F,140000.0
CHEMBL4126693,CC(C)C[C@H](NC(=O)[C@H](Cc1ccccc1)N=[N+]=[N-])C(=O)N[C@@H](CC(C)C)C(=O)N[C@@H](CCCNC(=N)N)CS(=O)(=O)F,39000.0
CHEMBL4127967,CC(C)C[C@H](NC(=O)[C@@H](N)Cc1ccccc1)C(=O)N[C@@H](CC(C)C)C(=O)N[C@@H](CCCCN)CS(=O)(=O)F,100000.0
CHEMBL4130108,CC(=O)N[C@@H](Cc1ccccc1)C(=O)N[C@@H](CC(C)C)C(=O)N[C@@H](CC(C)C)C(=O)N[C@@H](CCCCN)CS(=O)(=O)F,100000.0
CHEMBL4130258,CC(C)C[C@H](NC(=O)[C@H](Cc1ccccc1)N=[N+]=[N-])C(=O)N[C@@H](CC(C)C)C(=O)N[C@@H](CCCCN)CS(=O)(=O)F,67000.0
CHEMBL4128898,CC(C)C[C@H](NC(=O)[C@@H](N)Cc1ccccc1)C(=O)N[C@@H](CC(C)C)C(=O)N[C@@H](Cc1ccc(N)cc1)CS(=O)(=O)F,950.0
CHEMBL4129042,CC(=O)N[C@@H](Cc1ccccc1)C(=O)N[C@@H](CC(C)C)C(=O)N[C@@H](CC(C)C)C(=O)N[C@@H](Cc1ccc(N)cc1)CS(=O)(=O)F,210.0
CHEMBL4129702,CC(C)C[C@H](NC(=O)[C@@H](N)Cc1ccccc1)C(=O)N[C@@H](CC(C)C)C(=O)N[C@@H](Cc1ccc(CN)cc1)CS(=O)(=O)F,125000.0
CHEMBL4126411,CC(=O)N[C@@H](Cc1ccccc1)C(=O)N[C@@H](CC(C)C)C(=O)N[C@@H](CC(C)C)C(=O)N[C@@H](Cc1ccc(CN)cc1)CS(=O)(=O)F,18000.0
CHEMBL4128478,CC(C)C[C@H](NC(=O)[C@H](Cc1ccccc1)N=[N+]=[N-])C(=O)N[C@@H](CC(C)C)C(=O)N[C@@H](Cc1ccc(CN)cc1)CS(=O)(=O)F,8900.0
CHEMBL4167623,C[C@H](NC(=O)[C@H](CC(=O)NCC(C)(C)C)NC(=O)c1ccc(C(=O)NO)cc1)C(=O)NCc1ccccc1,820.5
CHEMBL98,O=C(CCCCCCC(=O)Nc1ccccc1)NO,25000.0
CHEMBL2364628,O=C(CCCCCCNC(=O)c1cnc(N(c2ccccc2)c2ccccc2)nc1)NO,25000.0
CHEMBL4212401,CCC(=C(c1ccc(OCCN2CCCCCC2)cc1)c1ccc(OCCN2CCCCCC2)cc1)c1cccc(C(=O)NCC(=O)N[C@@H](CCCNC(=N)N)C(=O)N[C@@H](CCCNC(=N)N)C(=O)N[C@@H](CCCNC(=N)N)C(=O)N[C@@H](CCCNC(=N)N)C(=O)N[C@@H](CCCNC(=N)N)C(=O)N[C@@H](CCCNC(=N)N)C(=O)N[C@@H](CCCNC(=N)N)C(=O)N[C@@H](CCCNC(=N)N)C(N)=O)c1,50000.0
CHEMBL4217338,CCC(=C(c1ccc(OCCN2CCCCCC2)cc1)c1ccc(OCCN2CCCCCC2)cc1)c1cccc(C(=O)NCC(=O)N[C@@H](CCCNC(=N)N)C(=O)N[C@@H](CCCNC(=N)N)C(=O)N[C@@H](CCCNC(=N)N)C(=O)N[C@@H](CCCNC(=N)N)C(=O)N[C@@H](CCCNC(=N)N)C(=O)N[C@@H](CCCNC(=N)N)C(=O)N[C@@H](CCCNC(=N)N)C(=O)N[C@@H](CCCNC(=N)N)C(=O)NC(C)=O)c1,40000.0
CHEMBL4212383,N=C(N)NCCC[C@H](NC(=O)[C@H](CCCNC(=N)N)NC(=O)[C@H](CCCNC(=N)N)NC(=O)[C@H](CCCNC(=N)N)NC(=O)[C@H](CCCNC(=N)N)NC(=O)[C@H](CCCNC(=N)N)NC(=O)[C@H](CCCNC(=N)N)NC(=O)[C@H](CCCNC(=N)N)NC(=O)CN)C(N)=O,8000.0
CHEMBL4212914,CC(=O)N[C@@H](CCCNC(=N)N)C(=O)N[C@@H](CCCNC(=N)N)C(=O)N[C@@H](CCCNC(=N)N)C(=O)N[C@@H](CCCNC(=N)N)C(=O)N[C@@H](CCCNC(=N)N)C(=O)N[C@@H](CCCNC(=N)N)C(=O)N[C@@H](CCCNC(=N)N)C(=O)N[C@@H](CCCNC(=N)N)C(=O)NCC(=O)O,8000.0
CHEMBL22969,CC[C@]1(O)C[C@H]2CN(CCc3c([nH]c4ccccc34)[C@@](C(=O)OC)(c3cc4c(cc3OC)N(C)[C@H]3[C@@](O)(C(=O)OC)[C@H](OC(C)=O)[C@]5(CC)C=CCN6CC[C@]43[C@@H]65)C2)C1,4580.0
CHEMBL4204198,CCC(=C(c1ccc(OCCN2CCCCCC2)cc1)c1ccc(OCCN2CCCCCC2)cc1)c1cccc(C(=O)NCC(=O)N[C@@H](CCCNC(=N)N)C(=O)N[C@@H](CCCNC(=N)N)C(=O)N[C@@H](CCCNC(=N)N)C(=O)N[C@@H](CCCNC(=N)N)C(N)=O)c1,8000.0
CHEMBL4215864,CCC(=C(c1ccc(OCCN2CCCCCC2)cc1)c1ccc(OCCN2CCCCCC2)cc1)c1cccc(C(=O)NCC(=O)N[C@@H](CCCNC(=N)N)C(=O)N[C@@H](CCCNC(=N)N)C(=O)N[C@@H](CCCNC(=N)N)C(=O)N[C@@H](CCCNC(=N)N)C(=O)N[C@@H](CCCNC(=N)N)C(=O)N[C@@H](CCCNC(=N)N)C(N)=O)c1,8000.0
CHEMBL4218282,CCC(=C(c1ccc(OCCN2CCCCCC2)cc1)c1ccc(OCCN2CCCCCC2)cc1)c1cccc(CNC(=O)CN[C@@H](CCCNC(=N)N)C(=O)N[C@@H](CCCNC(=N)N)C(=O)N[C@@H](CCCNC(=N)N)C(=O)N[C@@H](CCCNC(=N)N)C(=O)NC(C)=O)c1,8000.0
CHEMBL4213348,CCC(=C(c1ccc(OCCN2CCCCCC2)cc1)c1ccc(OCCN2CCCCCC2)cc1)c1cccc(CNC(=O)CN[C@@H](CCCNC(=N)N)C(=O)N[C@@H](CCCNC(=N)N)C(=O)N[C@@H](CCCNC(=N)N)C(=O)N[C@@H](CCCNC(=N)N)C(=O)N[C@@H](CCCNC(=N)N)C(=O)N[C@@H](CCCNC(=N)N)C(=O)NC(C)=O)c1,8000.0
CHEMBL4217753,CCC(=C(c1ccc(OCCN2CCCCCC2)cc1)c1ccc(OCCN2CCCCCC2)cc1)c1cccc(C(=O)NCC(=O)N[C@@H](CC(C)C)C(=O)N[C@@H](CC(C)C)C(=O)N[C@@H](CCC(=O)O)C(N)=O)c1,6100.0
CHEMBL4206039,CCC(=C(c1ccc(OCCN2CCCCCC2)cc1)c1ccc(OCCN2CCCCCC2)cc1)c1cccc(C(=O)NCC(=O)N[C@@H](CC(C)C)C(=O)N[C@@H](CC(C)C)C(=O)N[C@H](C(=O)N[C@@H](Cc2ccc(O)cc2)C(N)=O)C(C)C)c1,890.0
CHEMBL4205518,CCC(=C(c1ccc(OCCN2CCCCCC2)cc1)c1ccc(OCCN2CCCCCC2)cc1)c1cccc(CNC(=O)CN[C@@H](CC(C)C)C(=O)N[C@@H](CC(C)C)C(=O)N[C@H](C(=O)N[C@@H](Cc2ccc(O)cc2)C(=O)NC(C)=O)C(C)C)c1,370.0
CHEMBL4210397,CCC(=C(c1ccc(OCCN2CCCCCC2)cc1)c1ccc(OCCN2CCCCCC2)cc1)c1cccc(C(=O)NCC(=O)N[C@@H](CC(C)C)C(=O)N[C@@H](CC(C)C)C(=O)N[C@H](C(=O)N[C@@H](Cc2ccc(O)cc2)C(=O)NCC(=O)NCC(N)=O)C(C)C)c1,890.0
CHEMBL4209883,CCC(=C(c1ccc(OCCN2CCCCCC2)cc1)c1ccc(OCCN2CCCCCC2)cc1)c1cccc(C(=O)NCC(=O)N[C@@H](CC(C)C)C(=O)N[C@@H](CC(C)C)C(=O)N[C@@H](CC(C)C)C(=O)NCC(=O)NCC(=O)NCC(=O)NCC(N)=O)c1,1100.0
CHEMBL455159,COc1cc(/C=C/C(=O)CC(=O)/C=C/c2ccc(OC(=O)[C@@H](N)C(C)C)c(OC)c2)ccc1OC(=O)[C@@H](N)C(C)C,10000.0
CHEMBL4228991,CC(C)C[C@H](NC(=O)[C@H](Cc1ccccc1)NC(=O)N1C/C(=C\c2ccc(F)cc2)C(=O)/C(=C/c2ccc(F)cc2)C1)B(O)O,835.0
CHEMBL4248209,COC[C@H](NC(=O)c1cc(Cl)ccc1Cl)C(=O)N[C@@H](CC(C)C)B1OCCNCCO1,6.74
CHEMBL4238198,CC(C)C[C@H](NC(=O)[C@H](Cc1ccccc1)NC(=O)C1CCCCC1)B(O)O,3.22
CHEMBL4245244,CC(C)C[C@H](NC(=O)[C@H](Cc1ccccc1)NC(=O)C1CCC1)B(O)O,5.26
CHEMBL4249503,CC(C)C[C@H](NC(=O)[C@H](Cc1ccccc1)NC(=O)C1CC1)B(O)O,8.86
CHEMBL4241473,CC(C)CC(=O)N[C@@H](Cc1ccccc1)C(=O)N[C@@H](CC(C)C)B(O)O,4.16
CHEMBL4249022,CCCCCCC(=O)N[C@@H](Cc1ccccc1)C(=O)N[C@@H](CC(C)C)B(O)O,1.98
CHEMBL4246480,CCCCCC(=O)N[C@@H](Cc1ccccc1)C(=O)N[C@@H](CC(C)C)B(O)O,2.31
CHEMBL4246864,CCCCC(=O)N[C@@H](Cc1ccccc1)C(=O)N[C@@H](CC(C)C)B(O)O,3.53
CHEMBL4242666,CCC(=O)N[C@@H](Cc1ccccc1)C(=O)N[C@@H](CC(C)C)B(O)O,8.11
CHEMBL4246922,CC(C)C[C@H](NC(=O)CNC(=O)CC(C)(C)C)B(O)O,26.79
CHEMBL4238931,CC(C)CC(=O)NCC(=O)N[C@@H](CC(C)C)B(O)O,20.44
CHEMBL4243132,CCCCCC(=O)NCC(=O)N[C@@H](CC(C)C)B(O)O,27.75
CHEMBL4249453,CCCCC(=O)NCC(=O)N[C@@H](CC(C)C)B(O)O,30.78
CHEMBL4239365,CCCC(=O)NCC(=O)N[C@@H](CC(C)C)B(O)O,42.79
CHEMBL4245648,CCC(=O)NCC(=O)N[C@@H](CC(C)C)B(O)O,593.7
CHEMBL4249917,CC(C)C[C@H](NC(=O)CNC(=O)C1CCCCC1)B(O)O,12.89
CHEMBL4248689,CC(C)C[C@H](NC(=O)CNC(=O)C1CCCC1)B(O)O,21.17
CHEMBL4244424,CC(C)C[C@H](NC(=O)CNC(=O)C1CC1)B(O)O,387.0
CHEMBL4238378,CC(C)C[C@H](NC(=O)CNC(=O)c1cccc2c1CCCC2)B(O)O,5.89
CHEMBL1813227,CC(C)C[C@H](NC(=O)CNC(=O)c1cnccn1)B(O)O,303.8
CHEMBL4243375,COC[C@H](NC(=O)c1cc(Cl)ccc1Cl)C(=O)N[C@@H](CC(C)C)B(O)O,8.21
CHEMBL4251272,COC[C@H](NC(=O)c1cccc2c1CCCC2)C(=O)N[C@@H](CC(C)C)B(O)O,4.82
CHEMBL4250217,COC[C@H](NC(=O)c1cnccn1)C(=O)N[C@@H](CC(C)C)B(O)O,74.86
CHEMBL1813256,CC(C)C[C@H](NC(=O)CNC(=O)c1cc(Cl)ccc1Cl)B1OC(=O)CC(CC(=O)O)(C(=O)O)O1,8.44
CHEMBL4285574,C[C@H](NC(=O)[C@H](Cc1ccc(OCc2ccccc2)cc1)NC(=O)OC(C)(C)C)C(=O)N[C@@H](C[C@]1(O)C(=O)N(C)c2ccccc21)C(=O)NCc1ccccc1,5100.0
CHEMBL4290026,C[C@H](NC(=O)[C@H](Cc1ccc(OCc2ccccc2)cc1)NC(=O)OC(C)(C)C)C(=O)N[C@@H](C[C@@]1(O)C(=O)N(C)c2ccccc21)C(=O)NCc1ccccc1,6800.0
CHEMBL4287879,C[C@H](NC(=O)[C@H](Cc1ccc(OCc2ccccc2)cc1)NC(=O)OC(C)(C)C)C(=O)N[C@@H](C[C@]1(O)C(=O)Nc2ccccc21)C(=O)NCc1cccc2ccccc12,1400.0
CHEMBL4279971,C[C@H](NC(=O)[C@H](Cc1ccc(OCc2ccccc2)cc1)NC(=O)OC(C)(C)C)C(=O)N[C@@H](C[C@]1(O)C(=O)Nc2ccccc21)C(=O)NC(c1ccccc1)c1ccccc1,1740.0
CHEMBL4277652,C[C@H](NC(=O)[C@H](Cc1ccc(OCc2ccccc2)cc1)NC(=O)OC(C)(C)C)C(=O)N[C@@H](C[C@]1(O)C(=O)Nc2ccccc21)C(=O)NCc1ccc(-c2ccccc2)cc1,28700.0
CHEMBL4288293,CC(C)c1ccc(CNC(=O)[C@H](C[C@]2(O)C(=O)Nc3ccccc32)NC(=O)[C@H](C)NC(=O)[C@H](Cc2ccc(OCc3ccccc3)cc2)NC(=O)OC(C)(C)C)cc1,10000.0
CHEMBL4281070,COC(=O)CCNC(=O)[C@H](C[C@]1(O)C(=O)Nc2ccccc21)NC(=O)[C@H](C)NC(=O)[C@H](Cc1ccc(OCc2ccccc2)cc1)NC(=O)OC(C)(C)C,64000.0
CHEMBL4289358,C[C@H](NC(=O)[C@H](Cc1ccc(OCc2ccccc2)cc1)NC(=O)OC(C)(C)C)C(=O)N[C@@H](C[C@]1(O)C(=O)Nc2ccccc21)C(=O)NCCc1ccccc1,6000.0
CHEMBL4281477,C[C@H](NC(=O)[C@H](Cc1ccc(OCc2ccccc2)cc1)NC(=O)OC(C)(C)C)C(=O)N[C@@H](C[C@]1(O)C(=O)Nc2ccccc21)C(=O)NCCC1CCCCC1,2800.0
CHEMBL4278967,C[C@H](NC(=O)[C@H](Cc1ccc(OCc2ccccc2)cc1)NC(=O)OC(C)(C)C)C(=O)N[C@@H](C[C@]1(O)C(=O)Nc2ccccc21)C(=O)NCC1CCCCC1,4300.0
CHEMBL4286888,C[C@H](NC(=O)[C@H](Cc1ccc(OCc2ccccc2)cc1)NC(=O)OC(C)(C)C)C(=O)N[C@@H](C[C@]1(O)C(=O)Nc2ccccc21)C(=O)NCC(C)(C)C,11300.0
CHEMBL4282422,C[C@H](NC(=O)[C@H](Cc1ccc(OCc2ccccc2)cc1)NC(=O)OC(C)(C)C)C(=O)N[C@@H](C[C@]1(O)C(=O)Nc2ccccc21)C(=O)NCC1C2CC3CC(C2)CC1C3,2130.0
CHEMBL4290295,C[C@@H](NC(=O)[C@H](Cc1ccc(OCc2ccccc2)cc1)NC(=O)OC(C)(C)C)C(=O)N[C@@H](C[C@]1(O)C(=O)Nc2ccccc21)C(=O)NCc1ccccc1,9200.0
CHEMBL4290714,CC(C)(C)OC(=O)N[C@@H](Cc1ccc(OCc2ccccc2)cc1)C(=O)NCC(=O)N[C@@H](C[C@]1(O)C(=O)Nc2ccccc21)C(=O)NCc1ccccc1,6200.0
CHEMBL4280071,CC(C)(C)OC(=O)N[C@@H](Cc1ccc(OCc2ccccc2)cc1)C(=O)N[C@@H](CC(N)=O)C(=O)N[C@@H](C[C@]1(O)C(=O)Nc2ccccc21)C(=O)NCc1ccccc1,1480.0
CHEMBL4294116,CC(O)[C@@H](NC(=O)[C@H](Cc1ccc(OCc2ccccc2)cc1)NC(=O)OC(C)(C)C)C(=O)N[C@@H](C[C@]1(O)C(=O)Nc2ccccc21)C(=O)NCc1ccccc1,125.0
CHEMBL4283534,CC(C)(C)OC(=O)NCCCC[C@H](NC(=O)[C@H](Cc1ccc(OCc2ccccc2)cc1)NC(=O)OC(C)(C)C)C(=O)N[C@@H](C[C@]1(O)C(=O)Nc2ccccc21)C(=O)NCc1ccccc1,22000.0
CHEMBL4292640,NCCCC[C@H](NC(=O)[C@@H](N)Cc1ccc(OCc2ccccc2)cc1)C(=O)N[C@@H](C[C@]1(O)C(=O)Nc2ccccc21)C(=O)NCc1ccccc1,2900.0
CHEMBL4290109,C[C@H](NC(=O)OCc1ccccc1)C(=O)N[C@@H](C[C@]1(O)C(=O)Nc2ccccc21)C(=O)NCc1ccccc1,5100.0
CHEMBL4283793,NC(=O)C[C@H](NC(=O)OCc1ccccc1)C(=O)N[C@@H](C[C@]1(O)C(=O)Nc2ccccc21)C(=O)NCc1ccccc1,360.0
CHEMBL4294367,CC(O)[C@@H](NC(=O)OCc1ccccc1)C(=O)N[C@@H](C[C@]1(O)C(=O)Nc2ccccc21)C(=O)NCc1ccccc1,880.0
CHEMBL4280336,C[C@H](NC(=O)Cc1cccc(Oc2ccccc2)c1)C(=O)N[C@@H](C[C@]1(O)C(=O)Nc2ccccc21)C(=O)NCc1ccccc1,350.0
CHEMBL4290977,C[C@H](NC(=O)c1ccc(OCc2ccccc2)cc1)C(=O)N[C@@H](C[C@]1(O)C(=O)Nc2ccccc21)C(=O)NCc1ccccc1,113.0
CHEMBL4290574,CC(O)[C@@H](NC(=O)c1ccc(OCc2ccccc2)cc1)C(=O)N[C@@H](C[C@]1(O)C(=O)Nc2ccccc21)C(=O)NCc1ccccc1,7.1
CHEMBL4293877,CC[C@H](C)[C@@H]1C(=O)O[C@H]1C(=O)N[C@H](C(=O)N[C@H](C(=O)OCc1ccccc1)C(C)C)C(C)C,7.0
CHEMBL4285979,C=CCOC(=O)[C@@H](NC(=O)[C@@H](NC(=O)[C@@H]1OC(=O)[C@H]1[C@@H](C)CC)C(C)C)C(C)C,9.4
CHEMBL4278729,CC[C@H](C)[C@@H]1C(=O)O[C@H]1C(=O)N[C@H](C(=O)N[C@H](C(=O)OCc1ccc(Cl)cc1)C(C)C)C(C)C,8.2
CHEMBL4289394,CC[C@H](C)[C@@H]1C(=O)O[C@H]1C(=O)N[C@H](C(=O)N[C@H](C(=O)OCC1CCCCC1)C(C)C)C(C)C,18.7
CHEMBL4282198,CC[C@H](C)[C@@H]1C(=O)O[C@H]1C(=O)N[C@H](C(=O)N[C@H](C(=O)OCC(C)C)C(C)C)C(C)C,8.8
CHEMBL4292798,CC[C@H](C)[C@@H]1C(=O)O[C@H]1C(=O)N[C@H](C(=O)N[C@H](C(=O)NCc1ccccc1)C(C)C)C(C)C,3.6
CHEMBL4276815,CC[C@H](C)[C@@H]1C(=O)O[C@H]1C(=O)N[C@H](C(=O)N[C@H](C(=O)OCc1ccc(OC)cc1)C(C)C)C(C)C,10.2
CHEMBL4287467,C=CCCOC(=O)[C@@H](NC(=O)[C@@H](NC(=O)[C@@H]1OC(=O)[C@H]1[C@@H](C)CC)C(C)C)C(C)C,6.6
CHEMBL4292745,CC[C@H](C)[C@@H]1C(=O)O[C@H]1C(=O)N[C@H](C(=O)N[C@H](C(=O)OC)C(C)C)C(C)C,15.9
CHEMBL4282765,CC(C)[C@H](NC(=O)[C@@H](NC(=O)[C@@H]1OC(=O)[C@H]1C(C)C)C(C)C)C(=O)O,900.0
CHEMBL4286462,CC(C)[C@H](NC(=O)[C@@H]1OC(=O)[C@H]1C1CC1)C(=O)N[C@H](C(=O)OCc1ccccc1)C(C)C,7.6
CHEMBL4288920,CC(C)[C@H](NC(=O)[C@@H]1OC(=O)[C@H]1C1CCC1)C(=O)N[C@H](C(=O)OCc1ccccc1)C(C)C,13.2
CHEMBL4280675,CC(C)[C@H](NC(=O)[C@@H]1OC(=O)[C@H]1C1CCCC1)C(=O)N[C@H](C(=O)OCc1ccccc1)C(C)C,12.9
CHEMBL4294463,CC(C)C[C@@H]1C(=O)O[C@H]1C(=O)N[C@H](C(=O)N[C@H](C(=O)OCc1ccccc1)C(C)C)C(C)C,19.7
CHEMBL4282642,CC[C@H](C)[C@@H]1C(=O)O[C@H]1C(=O)NCC(=O)N[C@H](C(=O)OCc1ccccc1)C(C)C,2.7
CHEMBL4281941,CC[C@H](C)[C@@H]1C(=O)O[C@H]1C(=O)N[C@@H](Cc1ccccc1)C(=O)N[C@H](C(=O)OCc1ccccc1)C(C)C,7.8
CHEMBL4282369,CC[C@H](C)[C@@H]1C(=O)O[C@H]1C(=O)N[C@H](C(=O)N[C@@H](Cc1ccccc1)C(=O)OCc1ccccc1)C(C)C,5.7
CHEMBL4280626,CC[C@H](C)[C@@H]1C(=O)O[C@H]1C(=O)N[C@@H](Cc1ccccc1)C(=O)N[C@@H](Cc1ccccc1)C(=O)OCc1ccccc1,11.6
CHEMBL4278670,CC[C@H](C)[C@@H]1C(=O)O[C@H]1C(=O)N[C@H](C(=O)N[C@H](C(=O)OCc1ccccc1)C(C)C)C(C)(C)C,22.8
CHEMBL4283227,CC[C@H](C)[C@@H]1C(=O)O[C@H]1C(=O)N[C@H](C(=O)N[C@H](C(=O)OCc1ccccc1)C(C)(C)C)C(C)C,9.8
CHEMBL4293806,CC[C@H](C)[C@@H]1C(=O)O[C@H]1C(=O)N[C@H](C(=O)N[C@H](C(=O)OCc1ccccc1)C(C)(C)C)C(C)(C)C,35.9
CHEMBL4293394,CC[C@H](C)[C@@H]1C(=O)O[C@H]1C(=O)N[C@@H](CC(C)C)C(=O)N[C@H](C(=O)OCc1ccccc1)C(C)C,5.0
CHEMBL4292698,CC[C@H](C)[C@@H]1C(=O)O[C@H]1C(=O)N[C@H](C(=O)N[C@@H](CC(C)C)C(=O)OCc1ccccc1)C(C)C,7.7
CHEMBL4282576,CC[C@H](C)[C@@H]1C(=O)O[C@H]1C(=O)N[C@@H](COCc1ccccc1)C(=O)N[C@H](C(=O)OCc1ccccc1)C(C)C,7.7
CHEMBL4290778,CC[C@H](C)[C@@H]1C(=O)O[C@H]1C(=O)N[C@H](C(=O)N[C@@H](COCc1ccccc1)C(=O)OCc1ccccc1)C(C)C,3.1
CHEMBL4092241,C1=C2CN3CCCC/C=C\CC[C@@H]4CN(CCCC/C=C\CC[C@H]1C3)CC[C@@H]24,420.0
CHEMBL4458350,C1=C\CCc2cc3c[n+](c2)CCCC/C=C\CC[C@@H]2CN(CCCC/1)CC[C@@H]32,1800.0
CHEMBL4540394,CC(C)C[C@H](NC(=O)[C@H](Cc1ccccc1)NC(=O)OCc1ccccc1)C(=O)N[C@H](C=O)Cc1ccccc1,514.0
CHEMBL4590466,CC(C)C[C@@H](C=O)NC(=O)[C@H](CC(C)C)NC(=O)[C@H](Cc1ccccc1)NC(=O)OCc1ccccc1,139.0
CHEMBL4574306,C#CCOc1ccc(C[C@@H](C=O)NC(=O)[C@H](CC(C)C)NC(=O)[C@H](Cc2ccccc2)NC(=O)OCc2ccccc2)cc1,189.0
CHEMBL4531762,CC(C)C[C@@H](C=O)NC(=O)[C@H](CO)NC(=O)[C@H](CC(C)C)NC(=O)OCc1ccccc1,269.0
CHEMBL4475662,CC(C)C[C@H](NC(=O)OCc1ccccc1)C(=O)N[C@@H](CC(C)C)C(=O)N[C@@H](CC(C)C)C(=O)[C@@]1(C)CO1,220.0
CHEMBL2346855,CCCc1ccc(OCC(=O)N(Cc2nc(-c3cccnc3)no2)C(C)C)cc1,92.0
CHEMBL4470392,CC(C)N(CC(=O)Nc1ccnnc1)C(=O)COc1ccc(CCO)cc1,968.0
CHEMBL4459249,COC(=O)Cc1ccc(OCC(=O)N(CC(=O)Nc2ccnnc2)C(C)C)cc1,1561.0
CHEMBL4453883,CC(C)N(CC(=O)Nc1ccnnc1)C(=O)COc1ccc(Br)cc1,405.0
CHEMBL4450828,CC(C)N(CC(=O)Nc1ccccc1)C(=O)COc1ccc(C(F)(F)F)cc1,952.0
CHEMBL4520975,CCOc1ccc(OCC(=O)N(CC(=O)Nc2ccnnc2)C(C)C)cc1,259.0
CHEMBL4459620,COc1ccc(OCC(=O)N(CC(=O)Nc2ccnnc2)C(C)C)cc1,579.0
CHEMBL4522804,CCCCCc1ccc(OCC(=O)N(CC(=O)Nc2ccnnc2)C(C)C)cc1,64.0
CHEMBL4575392,CC(C)Cc1ccc(OCC(=O)N(CC(=O)Nc2ccnnc2)C(C)C)cc1,118.0
CHEMBL4587043,CCCCc1ccc(OCC(=O)N(CC(=O)Nc2ccnnc2)C(C)C)cc1,49.0
CHEMBL4451594,CCc1ccc(OCC(=O)N(CC(=O)Nc2ccnnc2)C(C)C)cc1,243.0
CHEMBL4444566,Cc1ccc(OCC(=O)N(CC(=O)Nc2ccnnc2)C(C)C)cc1,481.0
CHEMBL4474695,CCCc1ccc(OCC(=O)N(CC(=O)Nc2nc3ccc(OC)cc3s2)C(C)C)cc1,1111.0
CHEMBL4453615,CCCc1ccc(OCC(=O)N(CC(=O)Nc2ccc3ccccc3c2)C(C)C)cc1,5907.0
CHEMBL4547025,CCCc1ccc(OCC(=O)N(CC(=O)Nc2ccon2)C(C)C)cc1,2011.0
CHEMBL4548805,CCCc1ccc(OCC(=O)N(CC(=O)Nc2nncs2)C(C)C)cc1,3863.0
CHEMBL4553043,CCCc1ccc(OCC(=O)N(CC(=O)Nc2ccc(C#N)cc2)C(C)C)cc1,361.0
CHEMBL4441072,CCCc1ccc(OCC(=O)N(CC(=O)Nc2ccc(S(C)(=O)=O)cc2)C(C)C)cc1,230.0
CHEMBL4455507,CCCc1ccc(OCC(=O)N(CC(=O)Nc2ccc(C(F)(F)F)cc2)C(C)C)cc1,922.0
CHEMBL4583601,CCCc1ccc(OCC(=O)N(CC(=O)Nc2ccc(F)cc2)C(C)C)cc1,1197.0
CHEMBL4517345,CCCc1ccc(OCC(=O)N(CC(=O)Nc2ccc(OC)c(OC)c2)C(C)C)cc1,4726.0
CHEMBL4440462,CCCc1ccc(OCC(=O)N(CC(=O)Nc2ccc(OC)cc2)C(C)C)cc1,952.0
CHEMBL4518237,CCCc1ccc(OCC(=O)N(CC(=O)Nc2cccc(OC)c2)C(C)C)cc1,2000.0
CHEMBL4522343,CCCc1ccc(OCC(=O)N(CC(=O)Nc2ccccc2OC)C(C)C)cc1,10000.0
CHEMBL4471047,CCCc1ccc(OCC(=O)N(CC(=O)Nc2ccnnc2)C(C)C)cc1,89.0
CHEMBL4447781,CCCc1ccc(OCC(=O)N(CC(=O)Nc2cnccn2)C(C)C)cc1,395.0
CHEMBL4482928,CCCc1ccc(OCC(=O)N(CC(=O)Nc2cncnc2)C(C)C)cc1,280.0
CHEMBL4524703,CCCc1ccc(OCC(=O)N(CC(=O)Nc2ccncc2)C(C)C)cc1,100.0
CHEMBL4460049,CCCc1ccc(OCC(=O)N(CC(=O)Nc2ccccn2)C(C)C)cc1,836.0
CHEMBL4522294,CCCc1ccc(OCC(=O)N(CC(=O)Nc2cccnc2)C(C)C)cc1,1682.0
CHEMBL4444494,C#Cc1cccc(C(=O)NCCNC(=O)[C@H](CC(=O)NC(C)(C)C)NS(=O)(=O)c2ccc(C)cc2)c1,430.0
CHEMBL4537720,Cc1ccc(S(=O)(=O)N[C@@H](CC(=O)NC(C)(C)C)C(=O)NCCNC(=O)c2cccc(C(C)C)c2)cc1,9120.0
CHEMBL4532885,Cc1ccc(S(=O)(=O)N[C@@H](CC(=O)NC(C)(C)C)C(=O)NCCNC(=O)c2cccc(C(F)(F)F)c2)cc1,37090.0
CHEMBL4466632,Cc1ccc(S(=O)(=O)N[C@@H](CC(=O)NC(C)(C)C)C(=O)NCCNC(=O)c2cccc(C#N)c2)cc1,40190.0
CHEMBL4475733,Cc1ccc(S(=O)(=O)N[C@@H](CC(=O)NC(C)(C)C)C(=O)NCCNC(=O)c2ccccn2)cc1,29370.0
CHEMBL4536963,Cc1ccc(S(=O)(=O)N[C@@H](CC(=O)NC(C)(C)C)C(=O)NCCNC(=O)c2cc(Cl)ccn2)cc1,100000.0
CHEMBL4447046,Cc1ccc(S(=O)(=O)N[C@@H](CC(=O)NC(C)(C)C)C(=O)NCCNC(=O)c2cc(C)ccn2)cc1,100000.0
CHEMBL4567620,Cc1ccc(S(=O)(=O)N[C@@H](CC(=O)NC(C)(C)C)C(=O)NCCNC(=O)c2c(O)cccc2F)cc1,540.0
CHEMBL4563110,Cc1ccc(S(=O)(=O)N[C@@H](CC(=O)NC(C)(C)C)C(=O)NCCNC(=O)Nc2ccccc2)cc1,100000.0
CHEMBL4548705,Cc1cc(S(=O)(=O)N[C@@H](CC(=O)NC(C)(C)C)C(=O)NCCNC(=O)c2ccccc2F)no1,39000.0
CHEMBL4458871,Cc1cc(S(=O)(=O)N[C@@H](CC(=O)NC(C)(C)C)C(=O)NCCNC(=O)c2cc(-c3ccccc3F)ccc2F)no1,1130.0
CHEMBL4521524,Cc1ccc(S(=O)(=O)N[C@@H](CC(=O)NC(C)(C)C)C(=O)NCCNC(=O)c2cc(-c3ccccc3F)ccc2F)cc1,110.0
CHEMBL4577554,Cc1ccc(S(=O)(=O)N[C@@H](CC(=O)NC(C)(C)C)C(=O)NCCNC(=O)c2cc(C)ccc2F)cc1,12030.0
CHEMBL4461840,COc1cccc(C(=O)NCCNC(=O)[C@H](CC(=O)NC(C)(C)C)NS(=O)(=O)c2ccc(C)cc2)c1,506.0
CHEMBL4471926,Cc1ccc(S(=O)(=O)N[C@@H](CC(=O)NC(C)(C)C)C(=O)NCCNC(=O)NCc2ccccc2)cc1,46600.0
CHEMBL4589303,Cc1ccc(S(=O)(=O)N[C@@H](CC(=O)NC(C)(C)C)C(=O)NCCNS(=O)(=O)c2ccccc2)cc1,100000.0
CHEMBL4445784,Cc1ccc(S(=O)(=O)N[C@@H](CC(=O)NC(C)(C)C)C(=O)NCCNC(=O)c2ccccc2)cc1,1410.0
CHEMBL4515222,Cc1ccc(S(=O)(=O)N[C@@H](CC(=O)NC(C)(C)C)C(=O)NCCNC(=O)c2ccccc2F)cc1,1140.0
CHEMBL4521059,Cc1ccc(S(=O)(=O)N[C@@H](CC(=O)NC(C)(C)C)C(=O)NCCNC(=O)c2cccc(F)c2)cc1,2200.0
CHEMBL4448635,Cc1ccc(S(=O)(=O)N[C@@H](CC(=O)NC(C)(C)C)C(=O)NCCNC(=O)c2ccc(F)cc2)cc1,6700.0
CHEMBL4555610,Cc1ccc(S(=O)(=O)N[C@@H](CC(=O)NC(C)(C)C)C(=O)NCCNC(=O)c2ccccc2Cl)cc1,26050.0
CHEMBL4584213,Cc1ccc(S(=O)(=O)N[C@@H](CC(=O)NC(C)(C)C)C(=O)NCCNC(=O)c2ccc(Cl)cc2)cc1,5000.0
CHEMBL4538027,Cc1ccc(S(=O)(=O)N[C@@H](CC(=O)NC(C)(C)C)C(=O)NCCNC(=O)c2ccccc2O)cc1,409.0
CHEMBL4516729,Cc1ccc(S(=O)(=O)N[C@@H](CC(=O)NC(C)(C)C)C(=O)NCCNC(=O)c2cccc(O)c2)cc1,4380.0
CHEMBL4451203,Cc1ccc(S(=O)(=O)N[C@@H](CC(=O)NC(C)(C)C)C(=O)NCCNC(=O)c2ccc(F)c(F)c2)cc1,6040.0
CHEMBL4470048,COc1cc(OC)cc(C(=O)NCCNC(=O)[C@H](CC(=O)NC(C)(C)C)NS(=O)(=O)c2ccc(C)cc2)c1,100000.0
CHEMBL4573901,Cc1ccc(S(=O)(=O)N[C@@H](CC(=O)NC(C)(C)C)C(=O)NCCNC(=O)c2cc(Cl)ccc2Cl)cc1,100000.0
CHEMBL4444471,CSC[C@H](NC(=O)c1cc(Cl)ccc1Cl)C(=O)N[C@@H](CC(C)C)B1OCCNCCO1,4.6
CHEMBL4592602,CC(C)C[C@H](NC(=O)c1cnccn1)C(=O)N[C@@H](CC(C)C)C(=O)N[C@H](/C=C/S(C)(=O)=O)Cc1ccc(CN)cc1,100000.0
CHEMBL4440581,CC(C)C[C@H](NC(=O)[C@H](Cc1ccccc1)N=[N+]=[N-])C(=O)N[C@@H](CO)C(=O)N[C@H](/C=C/S(C)(=O)=O)Cc1ccc(CN)cc1,1400.0
CHEMBL4451682,CC(C)C[C@H](NC(=O)[C@H](Cc1ccccc1)N=[N+]=[N-])C(=O)N[C@@H](C)C(=O)N[C@H](/C=C/S(C)(=O)=O)Cc1ccc(CN)cc1,1300.0
CHEMBL4590398,CC(C)C[C@H](NC(=O)[C@H](Cc1ccccc1)N=[N+]=[N-])C(=O)N[C@H](C(=O)N[C@H](/C=C/S(C)(=O)=O)Cc1ccc(CN)cc1)[C@@H](C)O,750.0
CHEMBL4546121,CC(C)C[C@H](NC(=O)[C@H](Cc1ccccc1)N=[N+]=[N-])C(=O)NCC(=O)N[C@H](/C=C/S(C)(=O)=O)Cc1ccc(CN)cc1,8600.0
CHEMBL4545073,COC[C@H](NC(=O)[C@H](CC(C)C)NC(=O)c1cnc(C)s1)C(=O)N[C@H](/C=C/S(C)(=O)=O)Cc1ccc(CN)cc1,45300.0
CHEMBL4450505,Cc1ncc(C(=O)N[C@@H](CC2CCCCC2)C(=O)N[C@@H](CC(C)C)C(=O)N[C@H](/C=C/S(C)(=O)=O)Cc2ccc(CN)cc2)s1,100000.0
CHEMBL4442929,COC1CCC(C[C@H](NC(=O)c2cnc(C)s2)C(=O)N[C@@H](CC(C)C)C(=O)N[C@H](/C=C/S(C)(=O)=O)Cc2ccc(CN)cc2)CC1,100000.0
CHEMBL4577205,COc1ccc(C[C@H](NC(=O)[C@H](C)NC(=O)CN2CCOCC2)C(=O)N[C@@H](CCC2CCCCC2)C(=O)[C@@]2(C)CO2)cc1,5000.0
CHEMBL4446214,COc1ccc(C[C@H](NC(=O)[C@H](C)NC(=O)CN2CCOCC2)C(=O)N[C@@H](CC2CCCC3CCCCC32)C(=O)[C@@]2(C)CO2)cc1,100000.0
CHEMBL4513509,COc1ccc(C[C@H](NC(=O)[C@H](C)NC(=O)CN2CCOCC2)C(=O)N[C@@H](C[C@@H]2CCC[C@H]3CCCC[C@@H]23)C(=O)[C@@]2(C)CO2)cc1,100000.0
CHEMBL4452605,COc1ccc(C[C@H](NC(=O)[C@H](C)NC(=O)CN2CCOCC2)C(=O)N[C@@H](C[C@H]2CCCc3ccccc32)C(=O)[C@@]2(C)CO2)cc1,100000.0
CHEMBL4518685,COc1ccc(C[C@H](NC(=O)[C@H](C)NC(=O)CN2CCOCC2)C(=O)N[C@@H](C[C@@H]2CCCc3ccccc32)C(=O)[C@@]2(C)CO2)cc1,100000.0
CHEMBL4550552,COc1ccc(C[C@H](NC(=O)[C@H](C)NC(=O)CN2CCOCC2)C(=O)N[C@@H](C[C@H]2CCCC3CCCCC32)C(=O)[C@@]2(C)CO2)cc1,100000.0
CHEMBL4544868,COc1ccc(C[C@H](NC(=O)[C@H](C)NC(=O)CN2CCOCC2)C(=O)N[C@@H](C[C@@H]2CCCC3CCCCC32)C(=O)[C@@]2(C)CO2)cc1,100000.0
CHEMBL4443899,COc1ccc(C[C@H](NC(=O)[C@H](C)NC(=O)CN2CCOCC2)C(=O)N[C@@H](C[C@H]2CCC[C@@H]3CCCC[C@@H]32)C(=O)[C@@]2(C)CO2)cc1,100000.0
CHEMBL4565982,COC[C@@H]1NC(=O)c2ccccc2OCCCCOC[C@@H](C(=O)N[C@@H](Cc2ccccc2)C(=O)[C@@]2(C)CO2)NC1=O,36.0
CHEMBL4585963,COC[C@@H]1NC(=O)c2ccccc2OCCCCCOC[C@@H](C(=O)N[C@@H](Cc2ccccc2)C(=O)[C@@]2(C)CO2)NC1=O,21.0
CHEMBL4449200,COC[C@@H]1NC(=O)c2ccccc2OCCCCCCOC[C@@H](C(=O)N[C@@H](Cc2ccccc2)C(=O)[C@@]2(C)CO2)NC1=O,54.0
CHEMBL4560321,COC[C@@H]1NC(=O)c2ccccc2OCCCCCCCOC[C@@H](C(=O)N[C@@H](Cc2ccccc2)C(=O)[C@@]2(C)CO2)NC1=O,63.0
CHEMBL4592762,COC[C@@H]1NC(=O)c2ccccc2OCCCCCCCCOC[C@@H](C(=O)N[C@@H](Cc2ccccc2)C(=O)[C@@]2(C)CO2)NC1=O,346.0
CHEMBL4458777,COC[C@@H]1NC(=O)c2ccccc2OCCCCCCCCCOC[C@@H](C(=O)N[C@@H](Cc2ccccc2)C(=O)[C@@]2(C)CO2)NC1=O,460.0
CHEMBL4546156,COC[C@@H]1NC(=O)c2cccc(F)c2OCCCCCCOC[C@@H](C(=O)N[C@@H](Cc2ccccc2)C(=O)[C@@]2(C)CO2)NC1=O,25.0
CHEMBL4580102,COC[C@@H]1NC(=O)c2cccc(OC)c2OCCCCCCOC[C@@H](C(=O)N[C@@H](Cc2ccccc2)C(=O)[C@@]2(C)CO2)NC1=O,4.0
CHEMBL4591075,COC[C@@H]1NC(=O)c2ccc(F)cc2OCCCCCCOC[C@@H](C(=O)N[C@@H](Cc2ccccc2)C(=O)[C@@]2(C)CO2)NC1=O,205.0
CHEMBL4440926,COC[C@@H]1NC(=O)c2ccc(OC)cc2OCCCCCCOC[C@@H](C(=O)N[C@@H](Cc2ccccc2)C(=O)[C@@]2(C)CO2)NC1=O,253.0
CHEMBL4530484,COC[C@@H]1NC(=O)c2ccc(C)cc2OCCCCCCOC[C@@H](C(=O)N[C@@H](Cc2ccccc2)C(=O)[C@@]2(C)CO2)NC1=O,162.0
CHEMBL4464002,COC[C@@H]1NC(=O)c2ccc(Cl)cc2OCCCCCCOC[C@@H](C(=O)N[C@@H](Cc2ccccc2)C(=O)[C@@]2(C)CO2)NC1=O,100.0
CHEMBL4461405,COC[C@@H]1NC(=O)c2cc(Cl)ccc2OCCCCCCOC[C@@H](C(=O)N[C@@H](Cc2ccccc2)C(=O)[C@@]2(C)CO2)NC1=O,436.0
CHEMBL4444275,COC[C@@H]1NC(=O)c2ncccc2OCCCCCCOC[C@@H](C(=O)N[C@@H](Cc2ccccc2)C(=O)[C@@]2(C)CO2)NC1=O,248.0
CHEMBL4465844,COC[C@@H]1NC(=O)c2cccc(c2)OCCCCCCCCOC[C@@H](C(=O)N[C@@H](Cc2ccccc2)C(=O)[C@@]2(C)CO2)NC1=O,51.0
CHEMBL4559176,COC[C@@H]1NC(=O)c2cnn(C)c2OCCCCCCOC[C@@H](C(=O)N[C@@H](Cc2ccccc2)C(=O)[C@@]2(C)CO2)NC1=O,32.0
CHEMBL4447069,COC[C@@H]1NC(=O)c2cccnc2OCCCCCCOC[C@@H](C(=O)N[C@@H](Cc2ccccc2)C(=O)[C@@]2(C)CO2)NC1=O,232.0
CHEMBL4536377,COC[C@@H]1NC(=O)c2sccc2OCCCCCCOC[C@@H](C(=O)N[C@@H](Cc2ccccc2)C(=O)[C@@]2(C)CO2)NC1=O,257.0
CHEMBL4449881,COC[C@@H]1NC(=O)c2sc(C)nc2OCCCCCCOC[C@@H](C(=O)N[C@@H](Cc2ccccc2)C(=O)[C@@]2(C)CO2)NC1=O,392.0
CHEMBL4466983,COC[C@@H]1NC(=O)[C@@H]2CCCN2C(=O)CCCCCOC[C@@H](C(=O)N[C@@H](Cc2ccccc2)C(=O)[C@@]2(C)CO2)NC1=O,352.0
CHEMBL4448256,COC[C@@H]1NC(=O)c2cccn2CCCCCCOC[C@@H](C(=O)N[C@@H](Cc2ccccc2)C(=O)[C@@]2(C)CO2)NC1=O,14.0
CHEMBL4434719,COC[C@@H]1NC(=O)c2nccn2CCCCCCOC[C@@H](C(=O)N[C@@H](Cc2ccccc2)C(=O)[C@@]2(C)CO2)NC1=O,14.0
CHEMBL4434736,COC[C@@H]1NC(=O)c2nccn2CCCCCCCOC[C@@H](C(=O)N[C@@H](Cc2ccccc2)C(=O)[C@@]2(C)CO2)NC1=O,37.0
CHEMBL4471209,COC[C@@H]1NC(=O)c2ccnn2CCCCCCOC[C@@H](C(=O)N[C@@H](Cc2ccccc2)C(=O)[C@@]2(C)CO2)NC1=O,16.0
CHEMBL4541096,COC[C@@H]1NC(=O)c2ccnn2CCCCCCCOC[C@@H](C(=O)N[C@@H](Cc2ccccc2)C(=O)[C@@]2(C)CO2)NC1=O,25.0
CHEMBL4469081,COC[C@@H]1NC(=O)c2cnn(C)c2CCCCCCOC[C@@H](C(=O)N[C@@H](Cc2ccccc2)C(=O)[C@@]2(C)CO2)NC1=O,20.0
CHEMBL4472844,COC[C@@H]1NC(=O)c2ccccc2OCCCCCCC[C@@H](C(=O)N[C@@H](Cc2ccccc2)C(=O)[C@@]2(C)CO2)NC1=O,14.0
CHEMBL4536022,COC[C@@H]1NC(=O)c2ccccc2OCCCCCCCC[C@@H](C(=O)N[C@@H](Cc2ccccc2)C(=O)[C@@]2(C)CO2)NC1=O,35.0
CHEMBL4453760,COC[C@@H]1NC(=O)c2ccccc2OCCOCCOC[C@@H](C(=O)N[C@@H](Cc2ccccc2)C(=O)[C@@]2(C)CO2)NC1=O,116.0
CHEMBL4536411,COC[C@@H]1NC(=O)c2ccccc2OCCOCCOCCOC[C@@H](C(=O)N[C@@H](Cc2ccccc2)C(=O)[C@@]2(C)CO2)NC1=O,370.0
CHEMBL4522493,CC(C)C[C@H](NC(=O)[C@H](Cc1ccc(O)cc1)NC(=O)[C@@H]1CCCN1C(=O)[C@@H]1CCCN1C(=O)[C@H](CCCNC(=N)N)NC(=O)[C@@H]1CCCN1C(=O)[C@H](CCCNC(=N)N)NC(=O)[C@H](CCCNC(=N)N)NC(=O)[C@@H](N)CCCNC(=N)N)C(=O)N1CCC[C@H]1C(=O)N[C@@H](CCCNC(=N)N)C(=O)N[C@@H](Cc1c[nH]c2ccccc12)C(=O)NCC(=O)O,500.0
CHEMBL4455740,CC(C)C[C@H](NC(=O)[C@H](Cc1ccc(O)cc1)NC(=O)[C@@H]1CCCN1C(=O)[C@@H]1CCCN1C(=O)[C@H](CCCNC(=N)N)NC(=O)[C@@H]1CCCN1C(=O)[C@H](CCCNC(=N)N)NC(=O)[C@H](CCCNC(=N)N)NC(=O)[C@@H](N)CCCNC(=N)N)C(=O)N1CCC[C@H]1C(=O)N[C@@H](CCCNC(=N)N)C(=O)O,1900.0
CHEMBL4445118,CC(C)C[C@H](NC(=O)[C@H](Cc1ccc(O)cc1)NC(=O)[C@H](CCCNC(=N)N)NC(=O)[C@H](CCCNC(=N)N)NC(=O)[C@@H](N)CCCNC(=N)N)C(=O)N1CCC[C@H]1C(=O)N[C@@H](CCCNC(=N)N)C(=O)N[C@@H](Cc1ccc(O)cc1)C(=O)N[C@@H](C)C(N)=O,154.0
CHEMBL4573624,N=C(N)NCCC[C@H](N)C(=O)N[C@@H](CCCNC(=N)N)C(=O)N[C@@H](CCCNC(=N)N)C(=O)N[C@@H](Cc1ccc(O)cc1)C(=O)N1CCC[C@H]1C(=O)N[C@@H](CCCNC(=N)N)C(=O)N[C@@H](Cc1c[nH]c2ccccc12)C(=O)NCC(=O)O,166.0
CHEMBL4471574,CC(C)C[C@H](NC(=O)[C@H](Cc1ccc(O)cc1)NC(=O)[C@@H]1CCCN1C(=O)[C@@H]1CCCN1C(=O)[C@H](CCCNC(=N)N)NC(=O)[C@@H]1CCCN1C(=O)[C@H](CCCNC(=N)N)NC(=O)[C@H](CCCNC(=N)N)NC(=O)[C@@H](N)CCCNC(=N)N)C(=O)N1CCC[C@H]1C(=O)N[C@@H](CCCNC(=N)N)C(=O)N[C@@H](Cc1c[nH]c2ccccc12)C(=O)NCC(N)=O,113.0
CHEMBL4452589,CC(C)C[C@H](NC(=O)[C@H](Cc1ccc(O)cc1)NC(=O)[C@@H]1CCCN1C(=O)[C@@H]1CCCN1C(=O)[C@H](CCCNC(=N)N)NC(=O)[C@@H]1CCCN1C(=O)[C@H](CCCNC(=N)N)NC(=O)[C@H](CCCNC(=N)N)NC(=O)[C@@H](N)CCCNC(=N)N)C(=O)N1CCC[C@H]1C(=O)N[C@@H](CCCNC(=N)N)C(=O)N[C@@H](Cc1ccccc1)C(=O)NCC(=O)O,99.0
CHEMBL4473076,CC(C)C[C@H](NC(=O)[C@H](Cc1ccc(O)cc1)NC(=O)[C@H](CCCNC(=N)N)NC(=O)[C@H](CCCNC(=N)N)NC(=O)[C@@H](N)CCCNC(=N)N)C(=O)N1CCC[C@H]1C(=O)N[C@@H](CCCNC(=N)N)C(=O)N[C@@H](Cc1c[nH]c2ccccc12)C(=O)NCC(N)=O,82.0
CHEMBL4443693,CC(C)C[C@H](NC(=O)[C@H](Cc1ccc(O)cc1)NC(=O)[C@H](CCCNC(=N)N)NC(=O)[C@H](CCCNC(=N)N)NC(=O)[C@@H](N)CCCNC(=N)N)C(=O)N1CCC[C@H]1C(=O)N[C@@H](CCCNC(=N)N)C(=O)N[C@@H](Cc1c[nH]c2ccccc12)C(=O)NCC(=O)O,111.0
CHEMBL3319605,CCCCCCC(=O)N[C@@H](C)C(=O)N[C@@H](CC(C)C)C(=O)[C@@]1(CO[Si](C)(C)C(C)(C)C)CO1,10000.0
CHEMBL4447840,CCCCCCC(=O)N[C@@H](C)C(=O)N[C@@H](CC(C)C)C(=O)[C@@]1(CO)CO1,1700.0
CHEMBL4532449,CC(C)C[C@H](NC(=O)[C@H](CCc1ccccc1)NC(=O)CN1CCOCC1)C(=O)N[C@@H](Cc1ccccc1)C(=O)N[C@@H](CC(C)C)C(=O)[C@@]1(CO[Si](c2ccccc2)(c2ccccc2)C(C)(C)C)CO1,111.6
CHEMBL4538766,COC[C@]1(C(=O)[C@H](CC(C)C)NC(=O)[C@H](Cc2ccccc2)NC(=O)[C@H](CC(C)C)NC(=O)[C@H](CCc2ccccc2)NC(=O)CN2CCOCC2)CO1,1000.0
CHEMBL4451741,CC(C)C[C@H](NC(=O)[C@H](CCc1ccccc1)NC(=O)CN1CCOCC1)C(=O)N[C@@H](Cc1ccccc1)C(=O)N[C@@H](CC(C)C)C(=O)[C@@]1(CO)CO1,2.1
CHEMBL4529201,COCOC[C@]1(C(=O)[C@H](CC(C)C)NC(=O)[C@H](Cc2ccccc2)NC(=O)[C@H](CC(C)C)NC(=O)[C@H](CCc2ccccc2)NC(=O)CN2CCOCC2)CO1,1000.0
CHEMBL4444547,COCCOCOC[C@]1(C(=O)[C@H](CC(C)C)NC(=O)[C@H](Cc2ccccc2)NC(=O)[C@H](CC(C)C)NC(=O)[C@H](CCc2ccccc2)NC(=O)CN2CCOCC2)CO1,1000.0
CHEMBL4449204,CC(C)C[C@H](NC(=O)[C@H](CCc1ccccc1)NC(=O)CN1CCOCC1)C(=O)N[C@@H](Cc1ccccc1)C(=O)N[C@@H](CC(C)C)C(=O)[C@@]1(COS(C)(=O)=O)CO1,8.0
CHEMBL4468592,CC[C@H](NC(=O)[C@H](Cc1ccccc1)NC(=O)[C@H](CC(C)C)NC(=O)[C@H](CCc1ccccc1)NC(=O)CN1CCOCC1)C(=O)[C@@]1(C)CO1,77.1
CHEMBL4566822,CCCC[C@H](NC(=O)[C@H](Cc1ccccc1)NC(=O)[C@H](CC(C)C)NC(=O)[C@H](CCc1ccccc1)NC(=O)CN1CCOCC1)C(=O)[C@@]1(C)CO1,52.2
CHEMBL4517879,CC(C)C[C@H](NC(=O)[C@H](CCc1ccccc1)NC(=O)CN1CCOCC1)C(=O)N[C@@H](Cc1ccccc1)C(=O)N[C@@H](Cc1ccccc1)C(=O)[C@@]1(C)CO1,139.6
CHEMBL4460843,CC(C)C[C@H](NC(=O)[C@H](CCc1ccccc1)NC(=O)CN1CCOCC1)C(=O)N[C@@H](Cc1ccccc1)C(=O)N[C@@H](CCc1ccccc1)C(=O)[C@@]1(C)CO1,729.0
CHEMBL4533623,CC[C@H](NC(=O)[C@H](CC(C)C)NC(=O)[C@H](CCc1ccccc1)NC(=O)CN1CCOCC1)C(=O)N[C@@H](CC(C)C)C(=O)[C@@]1(C)CO1,98.2
CHEMBL4527204,CCCC[C@H](NC(=O)[C@H](CC(C)C)NC(=O)[C@H](CCc1ccccc1)NC(=O)CN1CCOCC1)C(=O)N[C@@H](CC(C)C)C(=O)[C@@]1(C)CO1,162.2
CHEMBL4475249,CC(C)C[C@H](NC(=O)[C@H](CCc1ccccc1)NC(=O)CN1CCOCC1)C(=O)N[C@@H](Cc1cscn1)C(=O)N[C@@H](CC(C)C)C(=O)[C@@]1(C)CO1,26.8
CHEMBL4582067,CC(C)C[C@H](NC(=O)[C@H](CCc1ccccc1)NC(=O)CN1CCOCC1)C(=O)N[C@@H](Cc1cc2ccccc2s1)C(=O)N[C@@H](CC(C)C)C(=O)[C@@]1(C)CO1,37.5
CHEMBL4591459,COC[C@H](NC(=O)[C@H](CCc1ccccc1)NC(=O)c1cc(C)on1)C(=O)N[C@@H](Cc1ccccc1)C(=O)N[C@@H](CC(C)C)C(=O)[C@@]1(C)CO1,50.9
CHEMBL4437781,Cc1cc(C(=O)N[C@@H](CCc2ccccc2)C(=O)N[C@H](C(=O)N[C@@H](Cc2ccccc2)C(=O)N[C@@H](CC(C)C)C(=O)[C@@]2(C)CO2)[C@@H](C)O)no1,48.3
CHEMBL4589171,CC[C@H](NC(=O)[C@H](CCc1ccccc1)NC(=O)c1cc(C)on1)C(=O)N[C@@H](Cc1ccccc1)C(=O)N[C@@H](CC(C)C)C(=O)[C@@]1(C)CO1,36.8
CHEMBL4438000,Cc1cc(C(=O)N[C@@H](CCc2ccccc2)C(=O)N[C@H](C(=O)N[C@@H](Cc2ccccc2)C(=O)N[C@@H](CC(C)C)C(=O)[C@@]2(C)CO2)C2CC2)no1,32.0
CHEMBL4517455,Cc1cc(C(=O)N[C@@H](CCc2ccccc2)C(=O)N[C@@H](CC2CCCC2)C(=O)N[C@@H](Cc2ccccc2)C(=O)N[C@@H](CC(C)C)C(=O)[C@@]2(C)CO2)no1,36.6
CHEMBL4439181,Cc1cc(C(=O)N[C@@H](CCc2ccccc2)C(=O)N[C@H](C(=O)N[C@@H](Cc2ccccc2)C(=O)N[C@@H](CC(C)C)C(=O)[C@@]2(C)CO2)C2CCCCC2)no1,30.8
CHEMBL4579185,CC(C)C[C@H](NC(=O)[C@H](Cc1ccsc1)NC(=O)CN1CCOCC1)C(=O)N[C@@H](Cc1ccccc1)C(=O)N[C@@H](CC(C)C)C(=O)[C@@]1(C)CO1,44.9
CHEMBL4577122,CC(C)C[C@H](NC(=O)[C@H](Cc1cc2ccccc2s1)NC(=O)CN1CCOCC1)C(=O)N[C@@H](Cc1ccccc1)C(=O)N[C@@H](CC(C)C)C(=O)[C@@]1(C)CO1,34.1
CHEMBL4541035,CC(C)C[C@H](NC(=O)[C@H](Cc1cscn1)NC(=O)CN1CCOCC1)C(=O)N[C@@H](Cc1ccccc1)C(=O)N[C@@H](CC(C)C)C(=O)[C@@]1(C)CO1,36.8
CHEMBL4468186,Cc1cc(C(=O)N[C@@H](Cc2cscn2)C(=O)N[C@@H](CC(C)C)C(=O)N[C@@H](Cc2ccccc2)C(=O)N[C@@H](CC(C)C)C(=O)[C@@]2(C)CO2)no1,20.6
CHEMBL4546157,Cc1cc(C(=O)N[C@@H](Cc2ccccn2)C(=O)N[C@@H](CC(C)C)C(=O)N[C@@H](Cc2ccccc2)C(=O)N[C@@H](CC(C)C)C(=O)[C@@]2(C)CO2)no1,60.7
CHEMBL4454410,Cc1cc(C(=O)N[C@@H](Cc2cc3ccccc3[nH]2)C(=O)N[C@@H](CC(C)C)C(=O)N[C@@H](Cc2ccccc2)C(=O)N[C@@H](CC(C)C)C(=O)[C@@]2(C)CO2)no1,25.5
CHEMBL4470410,Cc1cc(C(=O)NCC(=O)N[C@@H](CC(C)C)C(=O)N[C@@H](Cc2ccccc2)C(=O)N[C@@H](CC(C)C)C(=O)[C@@]2(C)CO2)no1,56.5
CHEMBL4451933,COC[C@H](NC(=O)c1cc(C)on1)C(=O)N[C@@H](CC(C)C)C(=O)N[C@@H](Cc1ccccc1)C(=O)N[C@@H](CC(C)C)C(=O)[C@@]1(C)CO1,30.6
CHEMBL4437784,Cc1cc(C(=O)N[C@@H](CC(C)C)C(=O)N[C@@H](CC(C)C)C(=O)N[C@@H](Cc2ccccc2)C(=O)N[C@@H](CC(C)C)C(=O)[C@@]2(C)CO2)no1,41.5
CHEMBL4543154,Cc1cc(C(=O)N[C@H](C(=O)N[C@@H](CC(C)C)C(=O)N[C@@H](Cc2ccccc2)C(=O)N[C@@H](CC(C)C)C(=O)[C@@]2(C)CO2)C2CC2)no1,43.1
CHEMBL4474079,CC(C)C[C@H](NC(=O)[C@H](Cc1cscn1)NC(=O)c1cnccn1)C(=O)N[C@@H](Cc1ccccc1)C(=O)N[C@@H](CC(C)C)C(=O)[C@@]1(C)CO1,38.8
CHEMBL4513562,CC(C)C[C@H](NC(=O)[C@H](Cc1cscn1)NC(=O)c1cc(Cl)ccc1Cl)C(=O)N[C@@H](Cc1ccccc1)C(=O)N[C@@H](CC(C)C)C(=O)[C@@]1(C)CO1,64.8
CHEMBL4476793,CC(C)C[C@H](NC(=O)[C@H](Cc1cscn1)NC(=O)CO)C(=O)N[C@@H](Cc1ccccc1)C(=O)N[C@@H](CC(C)C)C(=O)[C@@]1(C)CO1,52.1
CHEMBL4556452,CC(C)C[C@H](NC(=O)OCc1ccccc1)C(=O)N[C@@H](CC(C)C)C(=O)N[C@@H](CC(C)C)C(=O)C(=O)NCc1ccccc1,14.0
CHEMBL4570264,CC(C)C[C@H](NC(=O)OCc1ccccc1)C(=O)N[C@@H](CC(C)C)C(=O)N[C@@H](CC(C)C)C(O)C(=O)NCc1ccccc1,530.0
CHEMBL4534838,CC(C)C[C@H](NC(=O)OCc1ccccc1)C(=O)N[C@@H](Cc1ccccc1)C(O)C(=O)NCc1ccccc1,100000.0
CHEMBL4447782,CC(C)C[C@H](NC(=O)OCc1ccccc1)C(=O)N[C@@H](Cc1ccccc1)C(=O)C(=O)NCc1ccccc1,51090.0
CHEMBL4585003,CC(C)C[C@H](NC(=O)OCc1ccccc1)C(=O)N[C@@H](Cc1ccc(O)cc1)C(O)C(=O)NCc1ccccc1,70450.0
CHEMBL4551724,CC(C)C[C@H](NC(=O)OCc1ccccc1)C(=O)N[C@@H](Cc1ccc(O)cc1)C(=O)C(=O)NCc1ccccc1,12430.0
CHEMBL4442725,CC(C)C[C@H](NC(=O)OCc1ccccc1)C(=O)N[C@@H](c1cccc2ccccc12)C(O)C(=O)NCc1ccccc1,100000.0
CHEMBL4548647,CC(C)C[C@H](NC(=O)OCc1ccccc1)C(=O)N[C@H](C(=O)C(=O)NCc1ccccc1)c1cccc2ccccc12,100000.0
CHEMBL4567259,CC(C)C[C@H](NC(=O)OCc1ccccc1)C(=O)N[C@@H](CC(N)=O)C(O)C(=O)NCc1ccccc1,100000.0
CHEMBL4464326,CC(C)C[C@H](NC(=O)OCc1ccccc1)C(=O)N[C@@H](CC(N)=O)C(=O)C(=O)NCc1ccccc1,100000.0
CHEMBL4558015,CC(C)C[C@H](NC(=O)OCc1ccccc1)C(=O)N[C@@H](C(C)C)C(O)C(=O)NCc1ccccc1,82070.0
CHEMBL4588752,CC(C)C[C@H](NC(=O)OCc1ccccc1)C(=O)N[C@H](C(=O)C(=O)NCc1ccccc1)C(C)C,63340.0
CHEMBL4469724,CC(C)C[C@H](NC(=O)OCc1ccccc1)C(=O)N[C@@H](CC(C)C)C(O)C(=O)NCc1ccccc1,50210.0
CHEMBL4462651,CC(C)C[C@H](NC(=O)OCc1ccccc1)C(=O)N[C@@H](CC(C)C)C(=O)C(=O)NCc1ccccc1,920.0
CHEMBL4465042,CC(C)C[C@H](NC(=O)OCc1ccccc1)C(=O)N[C@@H](CC(C)C)C(=O)N[C@@H](CC(C)C)C(O)C(=O)NCc1ccc(F)cc1,100000.0
CHEMBL4449972,CC(C)C[C@H](NC(=O)OCc1ccccc1)C(=O)N[C@@H](CC(C)C)C(=O)N[C@@H](CC(C)C)C(=O)C(=O)NCc1ccc(F)cc1,56.0
CHEMBL4447520,CC(C)C[C@H](NC(=O)OCc1ccccc1)C(=O)N[C@@H](CC(C)C)C(=O)N[C@@H](CC(C)C)C(O)C(=O)N1CCOCC1,100000.0
CHEMBL4451593,CC(C)C[C@H](NC(=O)OCc1ccccc1)C(=O)N[C@@H](CC(C)C)C(=O)N[C@@H](CC(C)C)C(=O)C(=O)N1CCOCC1,480.0
CHEMBL4446481,CC(C)C[C@H](NC(=O)OCc1ccccc1)C(=O)N[C@@H](CC(C)C)C(=O)N[C@@H](CC(C)C)C(O)C(=O)Nc1cccc2ccccc12,8100.0
CHEMBL4541448,CC(C)C[C@H](NC(=O)OCc1ccccc1)C(=O)N[C@@H](CC(C)C)C(=O)N[C@@H](CC(C)C)C(=O)C(=O)Nc1cccc2ccccc12,7.0
CHEMBL4551392,CC(C)CNC(=O)C(O)[C@H](CC(C)C)NC(=O)[C@H](CC(C)C)NC(=O)[C@H](CC(C)C)NC(=O)OCc1ccccc1,100000.0
CHEMBL4584892,CC(C)CNC(=O)C(=O)[C@H](CC(C)C)NC(=O)[C@H](CC(C)C)NC(=O)[C@H](CC(C)C)NC(=O)OCc1ccccc1,12.0
CHEMBL4552637,CC(C)C[C@H](NC(=O)OCc1ccccc1)C(=O)N[C@@H](CC(C)C)C(=O)N[C@@H](CC(C)C)C(O)C(=O)N1CCc2ccccc2C1,100000.0
CHEMBL4587250,CC(C)C[C@H](NC(=O)OCc1ccccc1)C(=O)N[C@@H](CC(C)C)C(=O)N[C@@H](CC(C)C)C(=O)C(=O)N1CCc2ccccc2C1,770.0
CHEMBL4297468,COc1ccc([C@@H](O)[C@H](NC(=O)[C@H](C)NC(=O)CN2CCOCC2)C(=O)N[C@@H](CC2=CCCC2)C(=O)[C@@]2(C)CO2)cc1,0.688
CHEMBL4441524,COc1ccc(C[C@H](NC(=O)[C@@H](C)NC(=O)[C@H]2CC[C@H](O)CC2)C(=O)N[C@@H](CC2=CCCC2)C(=O)[C@@]2(C)CO2)cc1,2670.0
CHEMBL4465456,CC(C)C[C@H](NC(=O)CN1CCCCCC1)C(=O)N[C@@H](Cc1ccccc1)C(=O)N[C@@H](Cc1ccccc1)C(=O)[C@@]1(C)CO1,39.0
CHEMBL4443505,COc1ccc(C[C@H](NC(=O)[C@H](C)NC(=O)CN2CCOCC2)C(=O)N[C@@H](CC2=CCCC2)C(=O)[C@@]2(C)CO2)cc1,926.0
CHEMBL4473920,C[C@@H](CC(=O)NCc1cccc2ccccc12)NC(=O)[C@H](CC(=O)NC(C)(C)C)NC(=O)CCc1ccccc1,76000.0
CHEMBL4563115,Cc1ccc(S(=O)(=O)N[C@H](CC(=O)N[C@@H](C)C(=O)NCc2cccc3ccccc23)CC(=O)NC(C)(C)C)cc1,78200.0
CHEMBL4469397,Cc1ccc(S(=O)(=O)N[C@@H](CC(=O)NC(C)(C)C)C(=O)N[C@@H](C)CC(=O)NCc2cccc3ccccc23)cc1,74870.0
CHEMBL4592435,CC(C)(C)NC(=O)C[C@H](NS(=O)(=O)C1CC1)C(=O)NCCNC(=O)c1cc(-c2ccccc2F)ccc1F,960.0
CHEMBL1432377,Cc1c(CCC(=O)O)c(=O)oc2cc3occ(-c4ccccc4)c3cc12,172200.0
CHEMBL4591725,Cc1c(C2CCCC2)c(=O)oc2cc3occ(-c4ccccc4)c3cc12,1070.0
CHEMBL4465266,Cc1c(CCC(=O)ON2C(=O)CCC2=O)c(=O)oc2cc3occ(-c4ccccc4)c3cc12,220.0
CHEMBL4446535,C=C1CC[C@H]2C(C)(C)[C@H](O)CC[C@]2(C)[C@H]1C[C@]12O[C@H]1C(=O)C(COC(=O)[C@H](O)[C@H](C)O)=CC2=O,5700.0
CHEMBL4458315,C=C1CC[C@H]2C(C)(C)[C@H](O)CC[C@]2(C)[C@H]1C[C@]12O[C@H]1[C@H](O)C(COC(=O)[C@H](O)[C@H](C)O)=CC2=O,93600.0
CHEMBL4528868,C=C1CC[C@H]2C(C)(C)[C@H](O)CC[C@]2(C)[C@H]1C[C@]12O[C@H]1[C@H](O)C(COC(=O)C[C@H](C)O)=CC2=O,31900.0
CHEMBL4461655,C=C1CC[C@H]2C(C)(C)[C@H](O)CC[C@]2(C)[C@H]1C[C@]12O[C@H]1C(=O)C(COC(=O)C[C@H](C)O)=CC2=O,5300.0
CHEMBL4521474,C=C1CC[C@H]2C(C)(C)[C@H](O)CC[C@]2(C)[C@H]1C[C@]12O[C@H]1[C@H](O)C(CO)=CC2=O,100000.0
CHEMBL4586314,C=C1CC[C@H]2C(C)(C)[C@H](O)CC[C@]2(C)[C@H]1C[C@]12O[C@H]1C(=O)C(CO)=CC2=O,26300.0
CHEMBL3319482,CC1=C(C(=O)N[C@H](C)C(=O)N[C@@H](Cc2c[nH]c3ccccc23)C(=O)N[C@@H](Cc2ccccc2)C(=O)[C@@]2(C)CO2)Cc2ccccc21,1670.0
CHEMBL4566534,CC1=C(C(=O)N[C@@H](C)C(=O)N[C@@H](Cc2c[nH]c3ccccc23)C(=O)N[C@@H](Cc2ccccc2)C(=O)[C@@]2(C)CO2)Cc2ccccc21,54.0
CHEMBL3319584,COc1ccc(C[C@H](NC(=O)[C@@H](C)NC(=O)C2=C(C)c3ccccc3C2)C(=O)N[C@@H](Cc2ccccc2)C(=O)[C@@]2(C)CO2)cc1,3620.0
CHEMBL4464640,COc1ccc(C[C@H](NC(=O)[C@@H](C)NC(=O)C2CCCCC2)C(=O)N[C@@H](Cc2ccccc2)C(=O)[C@@]2(C)CO2)cc1,185.0
CHEMBL4454809,COc1ccc(C[C@H](NC(=O)[C@@H](C)NC(=O)[C@H]2CC[C@H](O)CC2)C(=O)N[C@@H](Cc2ccccc2)C(=O)[C@@]2(C)CO2)cc1,782.0
CHEMBL4550864,COc1ccc(C[C@H](NC(=O)[C@@H](C)NC(=O)[C@H]2CC[C@H](O)CC2)C(=O)N[C@@H](CC2CCC2)C(=O)[C@@]2(C)CO2)cc1,6630.0
CHEMBL4452892,Cc1ccc(CC[C@H](NC(=O)[C@H](Cc2ccccc2)NC(=O)[C@H](CC(C)C)NC(=O)CN2CCCCCC2)C(=O)[C@@]2(C)CO2)cc1,486.0
CHEMBL4468129,CC(C)(C)CNC(=O)C[C@@H]1NC(=O)c2ccccc2OCCCCCCOC[C@@H](C(=O)NCc2ccccc2)NC1=O,660.0
CHEMBL4588117,CC(C)(C)CNC(=O)C[C@@H]1NC(=O)c2ccccc2OCCCCCCOC[C@@H](C(=O)NCc2ccccc2Cl)NC1=O,127.0
CHEMBL4461175,Cc1ccc(CNC(=O)[C@@H]2COCCCCCCOc3ccccc3C(=O)N[C@@H](CC(=O)NCC(C)(C)C)C(=O)N2)cc1,67.0
CHEMBL4456389,Cc1ccc(CNC(=O)[C@@H]2COCCCCCCOc3c(cnn3C)C(=O)N[C@@H](CC(=O)NCC(C)(C)C)C(=O)N2)cc1,30.0
CHEMBL4542139,Cc1ccc(CNC(=O)[C@@H]2COCCCCCCCc3c(cnn3C)C(=O)N[C@@H](CC(=O)NCC(C)(C)C)C(=O)N2)cc1,29.0
CHEMBL4442152,Cc1ccc(CNC(=O)[C@@H]2COCCCCCCCn3ccnc3C(=O)N[C@@H](CC(=O)NCC(C)(C)C)C(=O)N2)cc1,34.0
CHEMBL4538960,Cc1ccc(CNC(=O)[C@H]2NC(=O)[C@H](CC(=O)NCC(C)(C)C)NC(=O)c3nccn3CCCCCCCO[C@H]2C)cc1,50.0
CHEMBL4549674,Cc1ccc(CNC(=O)[C@@H]2Cc3cn(c4ccccc34)CCCCCn3ccnc3C(=O)N[C@@H](CC(=O)NCC(C)(C)C)C(=O)N2)cc1,26.0
CHEMBL4438865,CCCCCCOC[C@H](NC(=O)[C@H](CC(=O)NCC(C)(C)C)NC(=O)c1cnn(C)c1CCC)C(=O)NCc1ccc(C)cc1,9.0
CHEMBL4461010,Cc1cc(C(=O)N[C@@H](CC(=O)N2CCCC[C@@H]2C)C(=O)N[C@@H](C)C(=O)NCc2ccc(F)cc2F)no1,1412.0
CHEMBL4518171,Cc1cc(C(=O)N[C@@H](CC(=O)N2CCC[C@@H]2c2ccccc2)C(=O)N[C@@H](C)C(=O)NCc2ccc(F)cc2F)no1,100000.0
CHEMBL4517855,Cc1cc(C(=O)N[C@@H](CC(=O)N2CCC[C@@H]2c2ccccc2)C(=O)N[C@@H](C)C(=O)NCc2c(F)cccc2F)no1,100000.0
CHEMBL4514175,COc1ccccc1CNC(=O)[C@H](C)NC(=O)[C@H](CC(=O)N1CCC[C@@H]1c1ccccc1)NC(=O)c1cc(C)on1,100000.0
CHEMBL4448322,Cc1cc(C(=O)N[C@@H](CC(=O)N2CCCC[C@@H]2C)C(=O)N[C@@H](C)c2ncc(-c3ccccc3)[nH]2)no1,10000.0
CHEMBL4533710,Cc1cc(C(=O)N[C@@H](CC(=O)N2CCC[C@@H]2c2ccccc2)C(=O)N[C@@H](C)c2ncc(-c3ccccc3F)[nH]2)no1,100000.0
CHEMBL4577628,Cc1cc(C(=O)N[C@@H](CC(=O)N2CCC[C@@H]2c2ccccc2)C(=O)N[C@@H](C)c2ncc(-c3ccccc3)[nH]2)no1,100000.0
CHEMBL4591623,Cc1cc(C(=O)N[C@@H](CC(=O)N2CCC[C@@H]2c2ccccc2)C(=O)N[C@@H](C)c2ncc(-c3ccc(F)cc3F)[nH]2)no1,100000.0
CHEMBL4460323,CC(C)C[C@H](NC(=O)N1CCC(C(=O)Nc2nccs2)CC1)C(=O)N[C@@H](Cc1ccccc1)C(=O)N[C@@H](CC(C)C)C(=O)[C@@]1(C)CO1,1.5
CHEMBL289277,Cc1cc(O)c2c(c1)C(=O)c1cc(O)cc(O)c1C2=O,1220.0
CHEMBL150,O=c1c(O)c(-c2ccc(O)cc2)oc2cc(O)cc(O)c12,10500.0
CHEMBL117,O=c1cc(-c2ccccc2)oc2cc(O)cc(O)c12,4900.0
CHEMBL28,O=c1cc(-c2ccc(O)cc2)oc2cc(O)cc(O)c12,1000.0
CHEMBL151,O=c1cc(-c2ccc(O)c(O)c2)oc2cc(O)cc(O)c12,1300.0
CHEMBL9352,O=C1C[C@@H](c2ccc(O)cc2)Oc2cc(O)cc(O)c21,41600.0
CHEMBL8996,O=C1C[C@@H](c2ccc(O)c(O)c2)Oc2cc(O)cc(O)c21,14600.0
CHEMBL50,O=c1c(O)c(-c2ccc(O)c(O)c2)oc2cc(O)cc(O)c12,2000.0
CHEMBL164,O=c1c(O)c(-c2cc(O)c(O)c(O)c2)oc2cc(O)cc(O)c12,12000.0
CHEMBL297453,O=C(O[C@@H]1Cc2c(O)cc(O)cc2O[C@@H]1c1cc(O)c(O)c(O)c1)c1cc(O)c(O)c(O)c1,86.0
CHEMBL47386,Oc1cc(O)c2c(c1)O[C@H](c1cc(O)c(O)c(O)c1)[C@H](O)C2,1200000.0
CHEMBL288114,O=C(O)c1cc(O)c(O)c(O)c1,7100000.0
CHEMBL36327,O=C(O[C@@H]1Cc2c(O)cc(O)cc2O[C@@H]1c1ccc(O)c(O)c1)c1cc(O)c(O)c(O)c1,194.0
CHEMBL264938,O=C(O[C@@H]1Cc2c(O)cc(O)cc2O[C@H]1c1cc(O)c(O)c(O)c1)c1cc(O)c(O)c(O)c1,187.0
CHEMBL129451,O=C(O[C@@H]1Cc2c(O)cc(O)cc2O[C@H]1c1ccc(O)c(O)c1)c1cc(O)c(O)c(O)c1,124.0
CHEMBL44,O=c1c(-c2ccc(O)cc2)coc2cc(O)cc(O)c12,9260.0
CHEMBL252642,O=C1C[C@@H](c2ccc(O)cc2)Oc2cc(O)ccc21,100000.0
CHEMBL238845,COc1ccc2c(c1)O[C@H]1c3ccc(O)cc3OC[C@@H]21,100000.0
CHEMBL129795,O=C(/C=C/c1ccc(O)cc1)c1ccc(O)cc1O,4880.0
CHEMBL402744,O=C1C[C@@H](c2ccccc2)Oc2cc(O)ccc21,5210.0
CHEMBL8145,O=c1c(-c2ccc(O)cc2)coc2cc(O)ccc12,100000.0
CHEMBL242341,COc1ccc(-c2coc3cc(O)ccc3c2=O)cc1,100000.0
CHEMBL140,COc1cc(/C=C/C(=O)CC(=O)/C=C/c2ccc(O)c(OC)c2)ccc1O,10000.0
CHEMBL3319483,CC1=C(C(=O)N[C@H](C)C(=O)N[C@@H](Cc2c[nH]c3ccccc23)C(=O)N[C@@H](CC2CCCCC2)C(=O)[C@@]2(C)CO2)Cc2ccccc21,1000.0
CHEMBL4522536,CC(C)C[C@H](NC(=O)CN1CCOCC1)C(=O)N[C@@H](C[C@H]1CC[C@H](C2CCCCC2)CC1)C(=O)N[C@@H](Cc1ccccc1)C(=O)N[C@@H](C)C(=O)[C@@]1(C)CO1,28.0
CHEMBL4581001,C[C@H](NC(=O)[C@H](Cc1ccccc1)NC(=O)[C@H](C[C@H]1CC[C@H](C2CCCCC2)CC1)NC(=O)[C@H](Cc1ccccc1)N=[N+]=[N-])C(=O)[C@@]1(C)CO1,4.9
CHEMBL4570216,C[C@H](NC(=O)[C@H](Cc1ccccc1)NC(=O)[C@H](C[C@H]1CC[C@H](c2ccccc2)CC1)NC(=O)[C@H](Cc1ccccc1)N=[N+]=[N-])C(=O)[C@@]1(C)CO1,3.8
CHEMBL4545125,C[C@H](NC(=O)[C@H](Cc1ccccc1)NC(=O)[C@H](C[C@H]1CC[C@@H](C2CCCCC2)CC1)NC(=O)[C@H](Cc1ccccc1)N=[N+]=[N-])C(=O)[C@@]1(C)CO1,710.0
CHEMBL4562527,C[C@H](NC(=O)[C@H](Cc1ccccc1)NC(=O)[C@H](C[C@H]1CC[C@@H](c2ccccc2)CC1)NC(=O)[C@H](Cc1ccccc1)N=[N+]=[N-])C(=O)[C@@]1(C)CO1,71.0
CHEMBL4526408,C[C@H](NC(=O)[C@H](Cc1ccccc1)NC(=O)[C@H](CC1CCC(C2CCCCC2)CC1)NC(=O)CN1CCOCC1)C(=O)[C@@]1(C)CO1,1230000.0
CHEMBL4582677,C[C@H](NC(=O)[C@H](Cc1ccccc1)NC(=O)[C@H](CC1CCC(C2CCCCC2)CC1)NC(=O)[C@H](Cc1ccccc1)N=[N+]=[N-])C(=O)[C@@]1(C)CO1,20.0
CHEMBL4544082,COc1ccc(C[C@H](NC(=O)[C@H](CC23CC4CC(CC(C4)C2)C3)NC(=O)CN2CCOCC2)C(=O)N[C@@H](C)C(=O)[C@@]2(C)CO2)cc1,853.0
CHEMBL4562003,C[C@H](NC(=O)[C@H](Cc1ccccc1)NC(=O)[C@H](Cc1ccc(-c2ccccc2)cc1)NC(=O)[C@H](Cc1ccccc1)N=[N+]=[N-])C(=O)[C@@]1(C)CO1,10.0
CHEMBL4515448,C[C@H](NC(=O)[C@H](Cc1ccccc1)NC(=O)[C@H](CC1CCCCC1)NC(=O)[C@H](Cc1ccccc1)N=[N+]=[N-])C(=O)[C@@]1(C)CO1,57.0
CHEMBL4586866,CC(OC(C)(C)C)[C@H](NC(=O)[C@H](Cc1ccccc1)N=[N+]=[N-])C(=O)N[C@@H](Cc1ccccc1)C(=O)N[C@@H](C)C(=O)[C@@]1(C)CO1,10000.0
CHEMBL4563143,COc1ccc(C[C@H](NC(=O)[C@H](CC23CC4CC(CC(C4)C2)C3)NC(=O)CN2CCOCC2)C(=O)N[C@@H](CC(C)C)C(=O)[C@@]2(C)CO2)cc1,853.0
CHEMBL4531320,COc1ccc(C[C@H](NC(=O)[C@H](CC2CCCCC2)NC(=O)CN2CCOCC2)C(=O)N[C@@H](CC(C)C)C(=O)[C@@]2(C)CO2)cc1,119.0
CHEMBL4572766,CC(C)C[C@H](NC(=O)[C@H](Cc1ccccc1)NC(=O)[C@H](CC(C)(C)C)NC(=O)[C@H](Cc1ccccc1)N=[N+]=[N-])C(=O)[C@@]1(C)CO1,18.0
CHEMBL4543267,CC(C)C[C@H](NC(=O)[C@H](Cc1ccccc1)NC(=O)[C@H](CC1CC2CCC1C2)NC(=O)[C@H](Cc1ccccc1)N=[N+]=[N-])C(=O)[C@@]1(C)CO1,10.0
CHEMBL4531811,CC(C)C[C@H](NC(=O)[C@H](Cc1ccccc1)NC(=O)[C@H](CC1CCC(C2CCCCC2)CC1)NC(=O)[C@H](Cc1ccccc1)N=[N+]=[N-])C(=O)[C@@]1(C)CO1,17.0
CHEMBL4532975,CC(C)C[C@H](NC(=O)[C@H](Cc1ccccc1)NC(=O)[C@H](CC1CCC2CCCCC2C1)NC(=O)[C@H](Cc1ccccc1)N=[N+]=[N-])C(=O)[C@@]1(C)CO1,10.0
CHEMBL4560006,CC(C)C[C@H](NC(=O)[C@H](Cc1ccccc1)NC(=O)[C@H](CC1CCCC2CCCCC21)NC(=O)[C@H](Cc1ccccc1)N=[N+]=[N-])C(=O)[C@@]1(C)CO1,10.0
CHEMBL4581491,COC1CCC(C[C@H](NC(=O)[C@H](Cc2ccccc2)N=[N+]=[N-])C(=O)N[C@@H](Cc2ccccc2)C(=O)N[C@@H](CC(C)C)C(=O)[C@@]2(C)CO2)CC1,2.1
CHEMBL4534488,CC(C)C[C@H](NC(=O)[C@H](Cc1ccccc1)NC(=O)[C@H](CC1CCC(C)CC1)NC(=O)[C@H](Cc1ccccc1)N=[N+]=[N-])C(=O)[C@@]1(C)CO1,2.0
CHEMBL4526232,CC(C)C[C@H](NC(=O)[C@H](Cc1ccccc1)NC(=O)[C@H](CCC1CCCCC1)NC(=O)[C@H](Cc1ccccc1)N=[N+]=[N-])C(=O)[C@@]1(C)CO1,36.0
CHEMBL4563141,CC(C)C[C@H](NC(=O)[C@H](Cc1ccccc1)NC(=O)[C@H](CC1CCCCC1)NC(=O)[C@H](Cc1ccccc1)N=[N+]=[N-])C(=O)[C@@]1(C)CO1,10.0
CHEMBL4568033,CC(C)C[C@H](NC(=O)[C@H](Cc1ccccc1)NC(=O)[C@@H](NC(=O)[C@H](Cc1ccccc1)N=[N+]=[N-])C1CCCCC1)C(=O)[C@@]1(C)CO1,33.0
CHEMBL4556581,COc1ccc(C[C@H](NC(=O)[C@H](Cc2ccc(-c3ccccc3)cc2)NC(=O)CN2CCOCC2)C(=O)N[C@@H](CC(C)C)C(=O)[C@@]2(C)CO2)cc1,10.0
CHEMBL4522697,COc1ccc(C[C@H](NC(=O)[C@H](Cc2ccc3ccccc3c2)NC(=O)CN2CCOCC2)C(=O)N[C@@H](CC(C)C)C(=O)[C@@]2(C)CO2)cc1,10.0
CHEMBL4556631,COc1ccc(C[C@H](NC(=O)[C@H](Cc2cccc3ccccc23)NC(=O)CN2CCOCC2)C(=O)N[C@@H](CC(C)C)C(=O)[C@@]2(C)CO2)cc1,10.0
CHEMBL4528476,CC(C)C[C@H](NC(=O)[C@H](Cc1ccccc1)NC(=O)[C@H](Cc1ccc(-c2ccccc2)cc1)NC(=O)[C@H](Cc1ccccc1)N=[N+]=[N-])C(=O)[C@@]1(C)CO1,10.0
CHEMBL4574722,CC(C)C[C@H](NC(=O)[C@H](Cc1ccccc1)NC(=O)[C@H](Cc1ccc2ccccc2c1)NC(=O)[C@H](Cc1ccccc1)N=[N+]=[N-])C(=O)[C@@]1(C)CO1,10.0
CHEMBL4556673,CC(C)C[C@H](NC(=O)[C@H](Cc1ccccc1)NC(=O)[C@H](Cc1cccc2ccccc12)NC(=O)[C@H](Cc1ccccc1)N=[N+]=[N-])C(=O)[C@@]1(C)CO1,10.0
CHEMBL4587878,CC(C)C[C@H](NC(=O)[C@H](Cc1ccccc1)NC(=O)[C@H](Cc1c[nH]c2ccccc12)NC(=O)[C@H](Cc1ccccc1)N=[N+]=[N-])C(=O)[C@@]1(C)CO1,10.0
CHEMBL4563298,COc1ccc(C[C@H](NC(=O)[C@H](Cc2ccccc2)N=[N+]=[N-])C(=O)N[C@@H](Cc2ccccc2)C(=O)N[C@@H](CC(C)C)C(=O)[C@@]2(C)CO2)cc1,2.1
CHEMBL4588350,Cc1ccc(C[C@H](NC(=O)[C@H](Cc2ccccc2)N=[N+]=[N-])C(=O)N[C@@H](Cc2ccccc2)C(=O)N[C@@H](CC(C)C)C(=O)[C@@]2(C)CO2)cc1,10.0
CHEMBL4519899,CC(C)C[C@H](NC(=O)[C@H](Cc1ccccc1)NC(=O)[C@H](CCc1ccccc1)NC(=O)[C@H](Cc1ccccc1)N=[N+]=[N-])C(=O)[C@@]1(C)CO1,3.0
CHEMBL4555159,CC(C)C[C@H](NC(=O)[C@H](Cc1ccccc1)NC(=O)[C@@H](NC(=O)[C@H](Cc1ccccc1)N=[N+]=[N-])c1ccccc1)C(=O)[C@@]1(C)CO1,10.0
CHEMBL4646371,CC(=O)NCC(=O)N1CCC[C@H]1C(=O)N[C@@H](Cc1ccccc1)C(=O)N[C@@H](CC(C)C)C(=O)[C@@]1(C)CO1,10000.0
CHEMBL4649310,CC(C)C[C@H](NC(=O)[C@H](Cc1ccccc1)NC(=O)[C@@H]1CCCN1C(=O)CNC(=O)c1cnccn1)C(=O)[C@@]1(C)CO1,10000.0
CHEMBL4635132,CC(=O)NCC(=O)N1CCC[C@H]1C(=O)N[C@@H](Cc1ccccc1)C(=O)N[C@@H](CC(C)C)C(=O)[C@]1(C)CO1,10000.0
