molecule_chembl_id,canonical_smiles,class,pIC50
CHEMBL381735,CC[C@H](C)[C@H](NC(=O)OCc1ccccc1)C(=O)N[C@@H](CCC(=O)NC(C)(C)CC)C(=O)N[C@@H](C)C(=O)N[C@H](/C=C/S(C)(=O)=O)CC(C)C,active,8.619788758288394
CHEMBL207670,CC[C@H](C)[C@H](NC(=O)OCc1ccccc1)C(=O)N1CCC[C@H]1C(=O)N[C@@H](C)C(=O)N[C@H](/C=C/S(C)(=O)=O)CC(C)C,inactive,3.8239087409443187
CHEMBL383529,CC(=O)N[C@@H](CCC(=O)OC(C)(C)C)C(=O)N[C@@H](C)C(=O)N[C@H](/C=C/S(C)(=O)=O)CC(C)C,active,6.585026652029182
CHEMBL207336,CC(C)C[C@@H](/C=C/S(C)(=O)=O)NC(=O)[C@H](C)NC(=O)[C@H](CCC(=O)OC(C)(C)C)NC(=O)c1ccccc1,active,7.769551078621726
CHEMBL208015,CC(C)C[C@@H](/C=C/S(C)(=O)=O)NC(=O)[C@H](C)NC(=O)[C@H](CCC(=O)OC(C)(C)C)NC(=O)OCc1ccccc1,active,8.214670164989233
CHEMBL208019,CC(C)C[C@@H](/C=C/S(C)(=O)=O)NC(=O)CNC(=O)[C@H](CCC(=O)OC(C)(C)C)NC(=O)OCc1ccccc1,active,6.769551078621726
CHEMBL207162,CC[C@H](C)[C@H](NC(=O)OCc1ccccc1)C(=O)N[C@@H](CCC(=O)OC(C)(C)C)C(=O)N[C@@H](C)C(=O)N[C@H](/C=C/S(C)(=O)=O)CC(C)C,active,8.602059991327963
CHEMBL206206,CC(C)C[C@@H](/C=C/S(C)(=O)=O)NC(=O)[C@H](CO)NC(=O)[C@H](CCC(=O)OC(C)(C)C)NC(=O)OCc1ccccc1,active,8.537602002101044
CHEMBL204992,CC(C)C[C@@H](/C=C/S(C)(=O)=O)NC(=O)[C@H](CO)NC(=O)[C@H](CCC(=O)OC(C)(C)C)NS(=O)(=O)c1ccccc1,active,8.958607314841775
CHEMBL207016,Cc1ccc(S(=O)(=O)N[C@@H](CCC(=O)OC(C)(C)C)C(=O)N[C@@H](C)C(=O)N[C@H](/C=C/S(C)(=O)=O)CC(C)C)cc1,active,8.67778070526608
CHEMBL376815,CC(C)C[C@@H](/C=C/S(C)(=O)=O)NC(=O)[C@H](C)NC(=O)[C@H](CCC(=O)OC(C)(C)C)NC(=O)C(c1ccccc1)c1ccccc1,active,8.173925197299173
CHEMBL381884,CC(C)C[C@@H](/C=C/S(C)(=O)=O)NC(=O)[C@H](CO)NC(=O)[C@H](CC(N)C(=O)OC(C)(C)C)NC(=O)OCc1ccccc1,active,6.366531544420414
CHEMBL207394,CC(=O)N[C@@H](CCC(=O)OCc1ccccc1)C(=O)N[C@@H](C)C(=O)N[C@H](/C=C/S(C)(=O)=O)CC(C)C,inactive,4.6777807052660805
CHEMBL207196,CC[C@H](C)[C@H](NC(=O)OCc1ccccc1)C(=O)N[C@@H](CCCC(=O)OC(C)(C)C)C(=O)N[C@@H](C)C(=O)N[C@H](/C=C/S(C)(=O)=O)CC(C)C,active,7.619788758288394
CHEMBL207669,CC[C@H](C)[C@H](NC(=O)OCc1ccccc1)C(=O)N[C@@H](CCC(=O)OC1CCCCC1)C(=O)N[C@@H](C)C(=O)N[C@H](/C=C/S(C)(=O)=O)CC(C)C,active,8.0
CHEMBL383673,CC(C)C[C@@H](/C=C/S(C)(=O)=O)NC(=O)[C@H](C)NC(=O)[C@H](CC(=O)N[C@H](C(=O)OC(C)(C)C)C(C)(C)C)NC(=O)OCc1ccccc1,active,6.267606240177032
CHEMBL207990,CC[C@H](C)[C@H](NC(=O)[C@H]([C@@H](C)CC)N(C)C(C)=O)C(=O)N[C@H](C(=O)N[C@@H](CC(C)C)C(=O)[C@@]1(C)CO1)[C@@H](C)O,active,8.431798275933005
CHEMBL207579,CC(=O)N[C@@H](CCc1ccccc1)C(=O)N[C@@H](CC(C)C)C(=O)N[C@@H](C)C(=O)N[C@H](/C=C/S(C)(=O)=O)CC(C)C,active,6.920818753952375
CHEMBL438442,CC(=O)N[C@@H](CCc1ccccc1)C(=O)N[C@@H](CC(C)C)C(=O)N[C@H](C)C(=O)N[C@H](/C=C/S(C)(=O)=O)CC(C)C,inactive,4.251811972993799
CHEMBL379669,CC(=O)N[C@@H](CCc1ccccc1)C(=O)N[C@@H](CC(C)C)C(=O)N[C@@H](Cc1ccccc1)C(=O)N[C@H](/C=C/S(C)(=O)=O)CC(C)C,active,7.455931955649724
CHEMBL207403,CC[C@H](C)[C@H](NC(=O)OCc1ccccc1)C(=O)N[C@@H](CC(C)C)C(=O)N[C@@H](C)C(=O)N[C@H](/C=C/S(C)(=O)=O)CC(C)C,active,7.161150909262744
CHEMBL207284,CC[C@H](C)[C@H](NC(=O)OCc1ccccc1)C(=O)N[C@@H](Cc1ccccc1)C(=O)N[C@@H](C)C(=O)N[C@H](/C=C/S(C)(=O)=O)CC(C)C,active,6.337242168318426
CHEMBL378901,CC[C@H](C)[C@H](NC(=O)OCc1ccccc1)C(=O)N[C@@H](CCC(=O)NCC(C)(C)C)C(=O)N[C@@H](C)C(=O)N[C@H](/C=C/S(C)(=O)=O)CC(C)C,active,7.309803919971486
CHEMBL446443,CC[C@H](C)[C@H](NC(=O)OCc1ccccc1)C(=O)N[C@@H](CCc1ccccc1)C(=O)N[C@@H](C)C(=O)N[C@H](/C=C/S(C)(=O)=O)CC(C)C,active,7.568636235841013
CHEMBL208159,CC[C@H](C)[C@H](NC(=O)OCc1ccccc1)C(=O)N[C@@H](C/C=C/c1ccccc1)C(=O)N[C@@H](C)C(=O)N[C@H](/C=C/S(C)(=O)=O)CC(C)C,active,7.356547323513812
CHEMBL379772,CC[C@H](C)[C@H](NC(=O)OCc1ccccc1)C(=O)N[C@@H](COCc1ccccc1)C(=O)N[C@@H](C)C(=O)N[C@H](/C=C/S(C)(=O)=O)CC(C)C,active,7.309803919971486
CHEMBL206001,Cc1ccc(S(=O)(=O)N[C@@H](CC(=O)NCC(C)(C)C)C(=O)N[C@@H](C)C(=O)N[C@H](/C=C/S(C)(=O)=O)CC(C)C)cc1,active,8.366531544420413
CHEMBL204946,Cc1ccc(S(=O)(=O)N[C@@H](CC(=O)NCC(C)(C)C)C(=O)N[C@@H](CO)C(=O)N[C@H](/C=C/S(C)(=O)=O)CC(C)C)cc1,active,8.229147988357855
CHEMBL208372,Cc1ccc(S(=O)(=O)N[C@@H](CC(=O)NCC(C)(C)C)C(=O)NC(C)(C)C(=O)N[C@H](/C=C/S(C)(=O)=O)CC(C)C)cc1,inactive,4.552841968657781
CHEMBL382180,CC[C@H](C)[C@H](NC(=O)OCc1ccccc1)C(=O)N[C@@H](CCC(N)=O)C(=O)N[C@@H](C)C(=O)N[C@H](/C=C/S(C)(=O)=O)CC(C)C,active,6.2441251443275085
CHEMBL437882,CC[C@H](C)[C@H](NC(=O)OCc1ccccc1)C(=O)N[C@@H](CCCC(N)=O)C(=O)N[C@@H](C)C(=O)N[C@H](/C=C/S(C)(=O)=O)CC(C)C,active,6.920818753952375
CHEMBL437115,CC[C@H](C)[C@H](NC(=O)OCc1ccccc1)C(=O)N[C@@H](CCC(=O)NC(C)C)C(=O)N[C@@H](C)C(=O)N[C@H](/C=C/S(C)(=O)=O)CC(C)C,active,7.2839966563652006
CHEMBL438612,CC[C@H](C)[C@H](NC(=O)OCc1ccccc1)C(=O)N[C@@H](CCC(=O)NC(C)(C)C)C(=O)N[C@@H](C)C(=O)N[C@H](/C=C/S(C)(=O)=O)CC(C)C,active,8.494850021680094
CHEMBL382203,CC[C@H](C)[C@H](NC(=O)OCc1ccccc1)C(=O)N[C@@H](CC(=O)NCC(C)(C)C)C(=O)N[C@@H](C)C(=O)N[C@H](/C=C/S(C)(=O)=O)CC(C)C,active,8.823908740944319
CHEMBL379771,CC[C@H](C)[C@H](NC(=O)OCc1ccccc1)C(=O)N[C@@H](CC(=O)OC(C)(C)C)C(=O)N[C@@H](C)C(=O)N[C@H](/C=C/S(C)(=O)=O)CC(C)C,active,7.107905397309519
CHEMBL210901,CC(C)C[C@@H](/C=C/S(C)(=O)=O)NC(=O)[C@H](CC(C)C)NC(=O)[C@H](CC(C)C)NC(=O)OCc1ccccc1,active,7.214670164989233
CHEMBL215065,NC(=S)N/N=C/c1ccc2ccccc2n1,inactive,5.0
CHEMBL592161,CC(C)C[C@H](NC(=O)[C@H](Cc1c(F)c(F)c(F)c(F)c1F)NC(=O)c1cnccn1)B1OC2C[C@@H]3C[C@@H](C3(C)C)[C@]2(C)O1,active,7.508638306165727
CHEMBL579296,CC(C)C[C@H](NC(=O)[C@H](Cc1cc(C(F)(F)F)cc(C(F)(F)F)c1)NC(=O)c1cnccn1)B1OC2C[C@@H]3C[C@@H](C3(C)C)[C@]2(C)O1,active,8.522878745280337
CHEMBL578478,CC(C)C[C@H](NC(=O)[C@H](Cc1ccccc1)NC(=O)[C@H](Cc1ccccc1)NC(=O)[C@H](Cc1ccccc1)N=[N+]=[N-])C(=O)[C@@]1(C)CO1,active,9.0
CHEMBL578885,CC(C)C[C@H](NC(=O)[C@H](Cc1c(F)c(F)c(F)c(F)c1F)NC(=O)[C@H](Cc1ccccc1)NC(=O)[C@H](Cc1ccccc1)N=[N+]=[N-])C(=O)[C@@]1(C)CO1,active,8.698970004336019
CHEMBL591777,CC(C)C[C@H](NC(=O)[C@H](Cc1cc(C(F)(F)F)cc(C(F)(F)F)c1)NC(=O)[C@H](Cc1ccccc1)NC(=O)[C@H](Cc1ccccc1)N=[N+]=[N-])C(=O)[C@@]1(C)CO1,active,7.0
CHEMBL577867,CC(C)C[C@H](NC(=O)[C@H](Cc1ccccc1)NC(=O)[C@H](Cc1c(F)c(F)c(F)c(F)c1F)NC(=O)[C@H](Cc1ccccc1)N=[N+]=[N-])C(=O)[C@@]1(C)CO1,active,6.698970004336019
CHEMBL578486,CC(C)C[C@H](NC(=O)[C@H](Cc1ccccc1)NC(=O)[C@H](Cc1cc(C(F)(F)F)cc(C(F)(F)F)c1)NC(=O)[C@H](Cc1ccccc1)N=[N+]=[N-])C(=O)[C@@]1(C)CO1,active,6.886056647693163
CHEMBL578518,CC1=CC(C)=[N+]2C1=C(CCCCc1cn([C@@H](Cc3ccccc3)C(=O)N[C@@H](Cc3ccccc3)C(=O)N[C@@H](Cc3c(F)c(F)c(F)c(F)c3F)C(=O)N[C@@H](CC(C)C)C(=O)[C@@]3(C)CO3)nn1)c1c(C)cc(C)n1[B-]2(F)F,active,6.522878745280337
CHEMBL2103884,COC[C@H](NC(=O)c1cnc(C)s1)C(=O)N[C@@H](COC)C(=O)N[C@@H](Cc1ccccc1)C(=O)[C@@]1(C)CO1,active,8.0
CHEMBL371405,C[C@@]12OC(=O)[C@]1([C@@H](O)[C@@H]1C=CCCC1)NC(=O)[C@@H]2CCCl,active,8.455931955649724
CHEMBL270515,CC(C)C[C@H](NC(=O)[C@@H](NC(=O)c1cccc(-c2ccccc2)n1)[C@@H](C)O)B(O)O,active,8.455931955649724
CHEMBL2141296,CC(C)C[C@H](NC(=O)CNC(=O)c1cc(Cl)ccc1Cl)B(O)O,active,8.468521082957745
CHEMBL325041,CC(C)C[C@H](NC(=O)[C@H](Cc1ccccc1)NC(=O)c1cnccn1)B(O)O,active,8.102372908709558
CHEMBL2326261,CC(C)C[C@H](NC(=O)[C@H](Cc1ccc(CN)cc1)NC(=O)[C@H](Cc1ccccc1)N=[N+]=[N-])C(=O)N[C@H](/C=C/S(C)(=O)=O)Cc1ccc(CN)cc1,inactive,4.301029995663981
CHEMBL2326260,CC(C)C[C@H](NC(=O)[C@H](Cc1ccc(N)cc1)NC(=O)[C@H](Cc1ccccc1)N=[N+]=[N-])C(=O)N[C@H](/C=C/S(C)(=O)=O)Cc1ccc(CN)cc1,inactive,4.301029995663981
CHEMBL2326541,CC(C)C[C@H](NC(=O)[C@H](Cc1ccncc1)NC(=O)[C@H](Cc1ccccc1)N=[N+]=[N-])C(=O)N[C@H](/C=C/S(C)(=O)=O)Cc1ccc(CN)cc1,inactive,4.301029995663981
CHEMBL2326533,CC(C)C[C@H](NC(=O)[C@H](Cc1ccccc1)N=[N+]=[N-])C(=O)N[C@@H](CC(C)C)C(=O)N[C@H](/C=C/S(C)(=O)=O)Cc1ccc(CN)cc1,inactive,4.301029995663981
CHEMBL2326539,Cc1c(O)cccc1C(=O)N[C@H](C(=O)N[C@@H](CO)C(=O)N[C@H](/C=C/S(C)(=O)=O)Cc1ccc(CN)cc1)C(C)C,inactive,4.823908740944319
CHEMBL2326272,Cc1c(O)cccc1C(=O)N[C@H](C(=O)N[C@@H](CO)C(=O)N[C@@H](CCCNC(=N)N)C(=O)[C@@]1(C)CO1)C(C)C,inactive,4.522878745280337
CHEMBL2326267,CC(C)C[C@H](NC(=O)[C@H](Cc1ccccc1)NC(=O)[C@H](Cc1ccccc1)N=[N+]=[N-])C(=O)N[C@H](/C=C/S(C)(=O)=O)Cc1ccccc1,active,6.958607314841775
CHEMBL2326266,CC(C)C[C@@H](/C=C/S(C)(=O)=O)NC(=O)[C@H](CC(C)C)NC(=O)[C@H](Cc1ccncc1)NC(=O)[C@H](Cc1ccccc1)N=[N+]=[N-],active,6.795880017344075
CHEMBL2326265,CC(C)C[C@@H](/C=C/S(C)(=O)=O)NC(=O)[C@H](CC(C)C)NC(=O)[C@H](Cc1ccc(N)cc1)NC(=O)[C@H](Cc1ccccc1)N=[N+]=[N-],active,7.031517051446065
CHEMBL2326264,CC(C)C[C@@H](/C=C/S(C)(=O)=O)NC(=O)[C@H](CC(C)C)NC(=O)[C@H](Cc1ccc(CN)cc1)NC(=O)[C@H](Cc1ccccc1)N=[N+]=[N-],active,6.318758762624412
CHEMBL2326262,CC(C)C[C@H](NC(=O)[C@H](Cc1ccc(CN)cc1)NC(=O)[C@H](Cc1ccccc1)N=[N+]=[N-])C(=O)N[C@H](/C=C/S(C)(=O)=O)Cc1ccc(N)cc1,active,6.200659450546418
CHEMBL64925,CC(C)C[C@@H](C=O)NC(=O)[C@H](CC(C)C)NC(=O)[C@H](CC(C)C)NC(=O)OCc1ccccc1,active,8.045757490560675
CHEMBL2337846,C[C@H](NC(=O)[C@H](Cc1ccc(OCc2ccccc2)cc1)NC(=O)CCCCCNC(=O)CCCCCNC(=O)CCCCCNC(=O)CCCCC(=O)NCCCCCC(=O)NCCCCCC(=O)NCCCCCC(=O)N[C@@H](Cc1ccc(OCc2ccccc2)cc1)C(=O)N[C@@H](C)C(=O)N[C@@H](C[C@]1(O)C(=O)Nc2ccccc21)C(=O)NCc1ccccc1)C(=O)N[C@@H](C[C@]1(O)C(=O)Nc2ccccc21)C(=O)NCc1ccccc1,active,6.3223930472795065
CHEMBL2337845,C[C@H](NC(=O)[C@H](Cc1ccc(OCc2ccccc2)cc1)NC(=O)CCCCCNC(=O)CCCCCNC(=O)CCCCCNC(=O)CCCCCNC(=O)CCCCCNC(=O)CCCCC(=O)N[C@@H](Cc1ccc(OCc2ccccc2)cc1)C(=O)N[C@@H](C)C(=O)N[C@@H](C[C@]1(O)C(=O)Nc2ccccc21)C(=O)NCc1ccccc1)C(=O)N[C@@H](C[C@]1(O)C(=O)Nc2ccccc21)C(=O)NCc1ccccc1,active,6.3260580013659125
CHEMBL2337844,C[C@H](NC(=O)[C@H](Cc1ccc(OCc2ccccc2)cc1)NC(=O)CCCCCNC(=O)CCCCCNC(=O)CCCCCNC(=O)CCCCCNC(=O)CCCCC(=O)N[C@@H](Cc1ccc(OCc2ccccc2)cc1)C(=O)N[C@@H](C)C(=O)N[C@@H](C[C@]1(O)C(=O)Nc2ccccc21)C(=O)NCc1ccccc1)C(=O)N[C@@H](C[C@]1(O)C(=O)Nc2ccccc21)C(=O)NCc1ccccc1,active,6.121478204498794
CHEMBL2337843,C[C@H](NC(=O)[C@H](Cc1ccc(OCc2ccccc2)cc1)NC(=O)CCCCCNC(=O)CCCCCNC(=O)CCCCCNC(=O)CCCCC(=O)N[C@@H](Cc1ccc(OCc2ccccc2)cc1)C(=O)N[C@@H](C)C(=O)N[C@@H](C[C@]1(O)C(=O)Nc2ccccc21)C(=O)NCc1ccccc1)C(=O)N[C@@H](C[C@]1(O)C(=O)Nc2ccccc21)C(=O)NCc1ccccc1,active,6.266802734893431
CHEMBL2337841,C[C@H](NC(=O)[C@H](Cc1ccc(OCc2ccccc2)cc1)NC(=O)CCCCCNC(=O)CCCCCNC(=O)CCCCCNC(=O)OC(C)(C)C)C(=O)N[C@@H](C[C@]1(O)C(=O)Nc2ccccc21)C(=O)NCc1ccccc1,active,6.598599459218455
CHEMBL2337848,C/C=C\NC(=O)[C@H]1NC(=O)[C@H](CC(N)=O)CC(=O)[C@@H](NC(=O)C(=O)[C@@H](C)CC)Cc2ccc(O)c(c2)-c2cccc3c2NC(=O)[C@@]3(O)[C@@H]1O,active,8.267606240177031
CHEMBL2337847,C[C@H](NC(=O)[C@H](Cc1ccc(OCc2ccccc2)cc1)NC(=O)CCCCCNC(=O)CCCCCNC(=O)CCCCCNC(=O)CCCCCNC(=O)CCCCC(=O)NCCCCCC(=O)NCCCCCC(=O)NCCCCCC(=O)NCCCCCC(=O)N[C@@H](Cc1ccc(OCc2ccccc2)cc1)C(=O)N[C@@H](C)C(=O)N[C@@H](C[C@]1(O)C(=O)Nc2ccccc21)C(=O)NCc1ccccc1)C(=O)N[C@@H](C[C@]1(O)C(=O)Nc2ccccc21)C(=O)NCc1ccccc1,active,7.698970004336019
CHEMBL2337842,C[C@H](NC(=O)[C@H](Cc1ccc(OCc2ccccc2)cc1)NC(=O)CCCCCNC(=O)CCCCCNC(=O)CCCCCNC(=O)CCCCCNC(=O)OC(C)(C)C)C(=O)N[C@@H](C[C@]1(O)C(=O)Nc2ccccc21)C(=O)NCc1ccccc1,active,6.150580586203101
CHEMBL2337850,C[C@H](NC(=O)[C@@H](N)Cc1ccc(OCc2ccccc2)cc1)C(=O)N[C@@H](C[C@]1(O)C(=O)Nc2ccccc21)C(=O)NCc1ccccc1,inactive,4.935542010773082
CHEMBL2337882,C=C[C@H](C[C@@H]1C[C@@H]1NC(=O)[C@@H]1OC(=O)[C@H]1[C@@H](C)CC)NC(=O)[C@H](C)N,active,6.522878745280337
CHEMBL2338306,C=C[C@H](C[C@@H]1C[C@@H]1NC(=O)[C@@H]1OC(=O)[C@H]1[C@@H](C)CC)NC(=O)[C@H](C)NC(C)=O,active,6.638272163982407
CHEMBL2337878,C=C[C@H](C[C@@H]1C[C@@H]1NC(=O)[C@@H]1OC(=O)[C@H]1[C@@H](C)CC)NC(=O)C(C)C,active,6.638272163982407
CHEMBL2337879,C=C[C@H](C[C@@H]1C[C@@H]1NC(=O)[C@@H]1OC(=O)[C@H]1[C@@H](C)CC)NC(=O)C(C)(C)C,active,6.6777807052660805
CHEMBL2338315,CC[C@H](C)[C@@H]1C(=O)O[C@H]1C(=O)N[C@H]1C[C@H]1C[C@@H](Cc1ccc2ccccc2c1)NC(=O)[C@H](C)NC(=O)OCc1ccccc1,active,6.698970004336019
CHEMBL2338314,CC[C@H](C)[C@@H]1C(=O)O[C@H]1C(=O)N[C@H]1C[C@H]1C[C@@H](Cc1cccc2ccccc12)NC(=O)[C@H](C)NC(=O)OCc1ccccc1,active,6.886056647693163
CHEMBL2337880,C=C[C@H](C[C@@H]1C[C@@H]1NC(=O)[C@@H]1OC(=O)[C@H]1[C@@H](C)CC)NC(=O)c1ccccc1,active,6.886056647693163
CHEMBL2338311,CC[C@H](C)[C@@H]1C(=O)O[C@H]1C(=O)N[C@H]1C[C@H]1C[C@H](NC(=O)[C@H](C)NC(=O)OCc1ccccc1)c1ccccc1,active,7.045757490560675
CHEMBL2338307,C=C[C@H](C[C@@H]1C[C@@H]1NC(=O)[C@@H]1OC(=O)[C@H]1[C@@H](C)CC)NC(=O)[C@H](C)NC(=O)c1ccccc1,active,7.102372908709558
CHEMBL2338309,C=C[C@H](C[C@@H]1C[C@@H]1NC(=O)[C@@H]1OC(=O)[C@H]1[C@@H](C)CC)NC(=O)[C@H](C)NC(=O)OC(C)(C)C,active,7.113509274827518
CHEMBL2338316,CC[C@H](C)[C@@H]1C(=O)O[C@H]1C(=O)N[C@H]1C[C@H]1C[C@@H](CCc1cccc2ccccc12)NC(=O)[C@H](C)NC(=O)OCc1ccccc1,active,7.200659450546418
CHEMBL2337881,C=C[C@H](C[C@@H]1C[C@@H]1NC(=O)[C@@H]1OC(=O)[C@H]1[C@@H](C)CC)NC(=O)c1ccc2ccccc2c1,active,7.221848749616356
CHEMBL2337883,C=C[C@H](C[C@@H]1C[C@@H]1NC(=O)[C@@H]1OC(=O)[C@H]1[C@@H](C)CC)NC(=O)[C@@H](C)NC(=O)OCc1ccccc1,active,7.2441251443275085
CHEMBL2337877,C=C[C@H](C[C@@H]1C[C@@H]1NC(=O)[C@@H]1OC(=O)[C@H]1[C@@H](C)CC)NC(=O)[C@H](C)NC(=O)OCc1ccccc1,active,7.309803919971486
CHEMBL2337885,C=C[C@H](C[C@@H]1C[C@@H]1NC(=O)[C@@H]1OC(=O)[C@H]1[C@@H](C)CC)NC(=O)[C@H](CC(C)C)NC(=O)OCc1ccccc1,active,7.327902142064283
CHEMBL2337884,C=C[C@H](C[C@@H]1C[C@@H]1NC(=O)[C@@H]1OC(=O)[C@H]1[C@@H](C)CC)NC(=O)CNC(=O)OCc1ccccc1,active,7.3872161432802645
CHEMBL2338310,CC[C@H](C)[C@@H]1C(=O)O[C@H]1C(=O)N[C@H]1C[C@H]1C[C@@H](CC)NC(=O)[C@H](C)NC(=O)OCc1ccccc1,active,7.42021640338319
CHEMBL2338313,CC[C@H](C)[C@@H]1C(=O)O[C@H]1C(=O)N[C@H]1C[C@H]1C[C@@H](CCCc1ccccc1)NC(=O)[C@H](C)NC(=O)OCc1ccccc1,active,7.455931955649724
CHEMBL2338318,CC[C@H](C)[C@@H]1C(=O)O[C@H]1C(=O)N[C@H]1C[C@H]1C[C@@H](CCc1ccccc1)NC(=O)c1ccc2ccccc2c1,active,7.481486060122112
CHEMBL2337886,C=C[C@H](C[C@@H]1C[C@@H]1NC(=O)[C@@H]1OC(=O)[C@H]1[C@@H](C)CC)NC(=O)[C@H](Cc1ccccc1)NC(=O)OCc1ccccc1,active,7.522878745280337
CHEMBL2338317,CC[C@H](C)[C@@H]1C(=O)O[C@H]1C(=O)N[C@H]1C[C@H]1C[C@@H](CCc1ccc2ccccc2c1)NC(=O)[C@H](C)NC(=O)OCc1ccccc1,active,7.5376020021010435
CHEMBL2337887,C=C[C@H](C[C@@H]1C[C@@H]1NC(=O)[C@@H]1OC(=O)[C@H]1[C@@H](C)CC)NC(=O)[C@H](Cc1c[nH]c2ccccc12)NC(=O)OCc1ccccc1,active,7.552841968657781
CHEMBL2338308,C=C[C@H](C[C@@H]1C[C@@H]1NC(=O)[C@@H]1OC(=O)[C@H]1[C@@H](C)CC)NC(=O)[C@H](C)NC(=O)c1ccc2ccccc2c1,active,7.6020599913279625
CHEMBL2331625,CC[C@H](C)[C@@H]1C(=O)O[C@H]1C(=O)N[C@H]1C[C@H]1C[C@@H](Cc1ccccc1)NC(=O)[C@H](C)NC(=O)OCc1ccccc1,active,7.853871964321762
CHEMBL2338319,CC[C@H](C)[C@@H]1C(=O)O[C@H]1C(=O)N[C@H]1C[C@H]1C[C@@H](CCc1ccccc1)NC(=O)[C@H](C)NC(=O)c1ccc2ccccc2c1,active,8.0
CHEMBL2338312,CC[C@H](C)[C@@H]1C(=O)O[C@H]1C(=O)N[C@H]1C[C@H]1C[C@@H](CCc1ccccc1)NC(=O)[C@H](C)NC(=O)OCc1ccccc1,active,8.244125144327509
CHEMBL483062,CC(C)C[C@H](NC(=O)[C@H](Cc1ccccc1)NC(=O)c1ccccc1)B(O)O,active,8.045757490560675
CHEMBL374308,CC(=O)N[C@@H](CSC(=O)[C@]1([C@@H](O)C(C)C)NC(=O)[C@H](C)[C@@H]1O)C(=O)O,active,6.431798275933005
CHEMBL3092612,COC(=O)C[C@H]1C(=O)N[C@@]2([C@@H](O)C3CCCCC3)C(=O)O[C@@]12C,active,6.301029995663981
CHEMBL3092611,C[C@@]12OC(=O)[C@]1([C@@H](O)C1CCCCC1)NC(=O)[C@@H]2CC=O,active,6.481486060122113
CHEMBL3092610,C[C@@]12OC(=O)[C@]1([C@@H](O)Cc1ccccc1)NC(=O)[C@@H]2CCCl,active,6.301029995663981
CHEMBL3092609,C[C@@]12OC(=O)[C@]1([C@@H](O)C1CC1)NC(=O)[C@@H]2CCCl,active,7.552841968657781
CHEMBL3092608,C[C@@]12OC(=O)[C@]1([C@@H](O)C1CCCCC1)NC(=O)[C@@H]2CCCCl,active,7.301029995663981
CHEMBL192046,C[C@@]12OC(=O)[C@]1([C@@H](O)C1CCCCC1)NC(=O)[C@@H]2CCCl,active,7.638272163982407
CHEMBL159263,c1ccc(Cc2ccc(OCCN3CCCCCC3)cc2)cc1,inactive,5.0
CHEMBL3099629,CCCCC(CCCC)=C(c1ccc(OCCN2CCCCCC2)cc1)c1ccc(OCCN2CCCCCC2)cc1,inactive,5.0
CHEMBL3099628,CCCCCC(CCCCC)=C(c1ccc(OCCN2CCCCCC2)cc1)c1ccc(OCCN2CCCCCC2)cc1,inactive,5.0
CHEMBL3099627,CCCCCCC(CCCCCC)=C(c1ccc(OCCN2CCCCCC2)cc1)c1ccc(OCCN2CCCCCC2)cc1,inactive,5.0
CHEMBL3099620,c1ccc(C(=C(c2ccc(OCCN3CCCCCC3)cc2)c2ccc(OCCN3CCCCCC3)cc2)C2CCCCC2)cc1,inactive,5.0
CHEMBL3098145,CCC(=C(c1ccc(OCCCN2CCCC2)cc1)c1ccc(OCCCN2CCCC2)cc1)c1ccccc1,inactive,5.0
CHEMBL3099619,CCC(=C(c1ccc(OCCCN(C)C)cc1)c1ccc(OCCCN(C)C)cc1)c1ccccc1,inactive,5.0
CHEMBL3099617,CCC(=C(c1ccc(OCCN(CC)CC)cc1)c1ccc(OCCN(CC)CC)cc1)c1ccccc1,inactive,5.0
CHEMBL393196,CCC(=C(c1ccc(OCCN2CCCCC2)cc1)c1ccc(OCCN2CCCCC2)cc1)c1ccccc1,inactive,5.0
CHEMBL3099623,CC(=C(c1ccc(OCCN2CCCCCC2)cc1)c1ccc(OCCN2CCCCCC2)cc1)c1ccccc1,active,6.045757490560675
CHEMBL3099637,CC(c1ccc(OCCN2CCCCCC2)cc1)c1ccc(OCCN2CCCCCC2)cc1,active,6.096910013008056
CHEMBL3099638,CC(C)(c1ccc(OCCN2CCCCCC2)cc1)c1ccc(OCCN2CCCCCC2)cc1,active,6.1249387366083
CHEMBL3099636,c1cc(OCCN2CCCCCC2)ccc1Cc1ccc(OCCN2CCCCCC2)cc1,active,6.173925197299173
CHEMBL3099618,CCC(=C(c1ccc(OCCN2CCCCCC2)cc1)c1ccc(OCCN2CCCCCC2)cc1)c1ccccc1,active,6.1938200260161125
CHEMBL3099624,C(=C(c1ccc(OCCN2CCCCCC2)cc1)c1ccc(OCCN2CCCCCC2)cc1)c1ccccc1,active,6.236572006437063
CHEMBL1269181,Cc1ccc(CNC(=O)[C@H](CCc2ccccc2)NC(=O)[C@H](CCc2ccccc2)NC(=O)[C@H](CCc2ccccc2)NC(=O)c2cnc(C)cn2)cc1,active,7.795880017344075
CHEMBL3218817,Cc1ccc(CNC(=O)[C@H](CCc2ccccc2)NC(=O)[C@H](CNC(=O)CC(C)(C)C)NC(=O)CCc2ccccc2)cc1,active,6.0
CHEMBL3218818,Cc1ccc(CNC(=O)[C@H](CCc2ccccc2)NC(=O)[C@H](CNC(=O)CC(C)(C)C)NC(=O)c2cc(C)on2)cc1,active,6.0
CHEMBL3218819,Cc1ccc(CNC(=O)[C@H](CCc2ccccc2)NC(=O)[C@H](CNC(=O)CC(C)(C)C)NC(=O)C(=O)c2c[nH]c3ccccc23)cc1,active,6.040958607678906
CHEMBL3218820,CC(=O)N[C@@H](CC(=O)NCC(C)(C)C)C(=O)N[C@@H](CCc1ccccc1)C(=O)NCc1ccccc1,active,7.301029995663981
CHEMBL3218821,CC(C)(C)CNC(=O)C[C@H](NC(=O)C(C)(C)C)C(=O)N[C@@H](CCc1ccccc1)C(=O)NCc1ccccc1,active,7.6020599913279625
CHEMBL3218822,CC(C)(C)CNC(=O)C[C@H](NC(=O)CN1CCCCC1)C(=O)N[C@@H](CCc1ccccc1)C(=O)NCc1ccccc1,active,7.920818753952375
CHEMBL3218823,CC(C)(C)CNC(=O)C[C@H](NC(=O)Cc1ccc(F)cc1)C(=O)N[C@@H](CCc1ccccc1)C(=O)NCc1ccccc1,active,8.075720713938118
CHEMBL3218824,CC(C)(C)CNC(=O)C[C@H](NC(=O)CCc1ccccc1)C(=O)N[C@@H](CCc1ccccc1)C(=O)NCc1ccccc1,active,8.267606240177031
CHEMBL3218825,CC(C)(C)CNC(=O)C[C@H](NC(=O)c1ccc(C(C)(C)C)cc1)C(=O)N[C@@H](CCc1ccccc1)C(=O)NCc1ccccc1,active,7.657577319177793
CHEMBL3218826,CC(C)(C)CNC(=O)C[C@H](NC(=O)c1ccc(OCc2ccccc2)cc1)C(=O)N[C@@H](CCc1ccccc1)C(=O)NCc1ccccc1,active,8.167491087293763
CHEMBL3218827,CC(C)(C)CNC(=O)C[C@H](NC(=O)C(=O)c1c[nH]c2ccccc12)C(=O)N[C@@H](CCc1ccccc1)C(=O)NCc1ccccc1,active,8.318758762624412
CHEMBL3218828,Cc1cc(C(=O)N[C@@H](CC(=O)NCC(C)(C)C)C(=O)N[C@@H](CCc2ccccc2)C(=O)NCc2ccccc2)no1,active,8.327902142064282
CHEMBL3218829,CC(C)(C)CNC(=O)C[C@H](NC(=O)CCc1ccccc1)C(=O)N[C@@H](CCc1ccccc1)C(=O)NCC1CC1,active,7.920818753952375
CHEMBL3218830,CC(C)(C)CNC(=O)C[C@H](NC(=O)Cc1ccc(F)cc1)C(=O)N[C@@H](CCc1ccccc1)C(=O)NCc1ccccc1Cl,active,8.397940008672037
CHEMBL3218831,CC(C)(C)CNC(=O)C[C@H](NC(=O)CCc1ccccc1)C(=O)N[C@@H](CCc1ccccc1)C(=O)NCc1ccccc1Cl,active,8.522878745280337
CHEMBL3218832,CC(C)(C)CNC(=O)C[C@H](NC(=O)c1ccc(OCc2ccccc2)cc1)C(=O)N[C@@H](CCc1ccccc1)C(=O)NCc1ccccc1Cl,active,7.958607314841775
CHEMBL3218833,CC(C)(C)CNC(=O)C[C@H](NC(=O)C(=O)c1c[nH]c2ccccc12)C(=O)N[C@@H](CCc1ccccc1)C(=O)NCc1ccccc1Cl,active,8.431798275933005
CHEMBL3218834,Cc1cc(C(=O)N[C@@H](CC(=O)NCC(C)(C)C)C(=O)N[C@@H](CCc2ccccc2)C(=O)NCc2ccccc2Cl)no1,active,8.67778070526608
CHEMBL3218835,C[C@H](NC(=O)[C@H](CC(=O)NCC(C)(C)C)NC(=O)CCc1ccccc1)C(=O)NCc1ccccc1Cl,active,8.397940008672037
CHEMBL3218836,CC(C)(C)CNC(=O)C[C@H](NC(=O)CCc1ccccc1)C(=O)N[C@@H](Cc1cccnc1)C(=O)NCc1ccccc1Cl,active,8.4089353929735
CHEMBL3218837,CC(C)(C)CNC(=O)C[C@H](NC(=O)C(=O)c1c[nH]c2ccccc12)C(=O)N[C@@H](Cc1ccncc1)C(=O)NCc1ccccc1Cl,active,8.920818753952375
CHEMBL3218838,Cc1cc(C(=O)N[C@@H](CC(=O)NCC(C)(C)C)C(=O)N[C@@H](Cc2ccncc2)C(=O)NCc2ccccc2Cl)no1,active,7.47755576649368
CHEMBL3218839,Cc1cc(C(=O)N[C@@H](CC(=O)NCC(C)(C)C)C(=O)N[C@@H](Cc2cccnc2)C(=O)NCc2ccccc2Cl)no1,active,7.645891560852599
CHEMBL3218840,Cc1cc(C(=O)N[C@@H](CC(=O)NCC(C)(C)C)C(=O)N[C@@H](Cc2ccc(Cl)cc2)C(=O)NCc2ccccc2Cl)no1,active,7.795880017344075
CHEMBL3218841,Cc1cc(C(=O)N[C@@H](CC(=O)NCC(C)(C)C)C(=O)N[C@@H](C)C(=O)NCc2ccccc2Cl)no1,active,7.638272163982407
CHEMBL3218842,CCCNC(=O)C[C@H](NC(=O)c1cc(C)on1)C(=O)N[C@@H](CCc1ccccc1)C(=O)NCc1ccc(C)cc1,active,6.795880017344075
CHEMBL3218843,Cc1ccc(CNC(=O)[C@H](CCc2ccccc2)NC(=O)[C@H](CC(=O)NCC(C)C)NC(=O)c2cc(C)on2)cc1,active,8.136677139879543
CHEMBL3218844,Cc1ccc(CNC(=O)[C@H](CCc2ccccc2)NC(=O)[C@H](Cc2nc(C(C)(C)C)no2)NC(=O)C(=O)c2c[nH]c3ccccc23)cc1,active,7.935542010773082
CHEMBL3218845,Cc1ccc(CNC(=O)[C@H](CCc2ccccc2)NC(=O)[C@H](Cc2nc(C(C)(C)C)no2)NC(=O)c2cc(C)on2)cc1,active,7.031517051446065
CHEMBL3237875,COc1ccc(C[C@H](NC(=O)[C@H](C)NC(=O)CN2CCOCC2)C(=O)N[C@@H](Cc2ccccc2)C(=O)[C@@]2(C)CO2)cc1,active,6.0
CHEMBL3237863,CC(=O)N[C@@H](CC(=O)NCCC(COCc1ccccc1)COCc1ccccc1)C(=O)N[C@@H](CC(C)C)B1O[C@@H]2C[C@@H]3C[C@@H](C3(C)C)[C@]2(C)O1,active,6.853871964321762
CHEMBL3237873,CC(=O)N[C@@H](CC(=O)NCCCCOCc1ccccc1)C(=O)N[C@@H](CC(C)C)B1O[C@@H]2C[C@@H]3C[C@@H](C3(C)C)[C@]2(C)O1,active,6.552841968657781
CHEMBL3347481,CC(C)C[C@H](NC(=O)c1cnccn1)C(=O)N[C@@H](Cc1ccc2ccccc2c1)C(=O)N[C@@H](CC(C)C)B(O)O,active,10.096910013008056
CHEMBL3347480,CC(C)C[C@H](NC(=O)c1cnccn1)C(=O)N[C@@H](Cc1ccc2ccccc2c1)C(=O)N[C@@H](CC(C)C)B1O[C@@H]2[C@H]3CC[C@H](C3(C)C)[C@]2(C)O1,active,9.42021640338319
CHEMBL3347642,CC(C)C[C@H](NC(=O)[C@H](Cc1ccc(O)cc1)NC(=O)[C@H](Cc1ccccc1)NC(=O)c1cnccn1)B(O)O,active,9.4089353929735
CHEMBL3347641,CC(C)C[C@H](NC(=O)[C@H](Cc1ccc(O)cc1)NC(=O)[C@H](Cc1ccccc1)NC(=O)c1cnccn1)B1O[C@@H]2[C@H]3CC[C@H](C3(C)C)[C@]2(C)O1,active,9.468521082957745
CHEMBL3347640,CC(C)C[C@H](NC(=O)[C@H](Cc1ccccc1)NC(=O)[C@H](Cc1ccc2ccccc2c1)NC(=O)c1cnccn1)B(O)O,active,9.3767507096021
CHEMBL3347627,CC(C)C[C@H](NC(=O)[C@H](Cc1ccccc1)NC(=O)[C@H](Cc1ccc2ccccc2c1)NC(=O)c1cnccn1)B1O[C@@H]2[C@H]3CC[C@H](C3(C)C)[C@]2(C)O1,active,9.657577319177793
CHEMBL3347626,CC(C)C[C@H](NC(=O)[C@H](Cc1ccccc1)NC(=O)[C@H](Cc1ccccc1)NC(=O)c1cnccn1)B(O)O,active,9.259637310505756
CHEMBL3347625,CC(C)C[C@H](NC(=O)[C@H](Cc1ccccc1)NC(=O)[C@H](Cc1ccccc1)NC(=O)c1cnccn1)B1O[C@@H]2[C@H]3CC[C@H](C3(C)C)[C@]2(C)O1,active,9.397940008672037
CHEMBL3423355,COc1ccc(CNC(=O)[C@@H](NC(=O)[C@H](CCCCNC(=O)OCc2ccccc2)NC(=O)Cc2cccc(Oc3ccccc3)c2)C(C)C)c(O)c1,inactive,4.930701987884471
CHEMBL3423352,COc1ccc(CNC(=O)[C@@H](NC(=O)[C@H](CC(N)=O)NC(=O)Cc2cccc(Oc3ccccc3)c2)C(C)C)c(O)c1,active,6.180456064458132
CHEMBL3423348,CC(C)[C@H](NC(=O)[C@H](CC(N)=O)NC(=O)Cc1cccc(Oc2ccccc2)c1)C(=O)OCc1ccccc1,inactive,4.7617029321246065
CHEMBL3421650,CC(C)[C@H](NC(=O)[C@H](CC(N)=O)NC(=O)Cc1cccc(Oc2ccccc2)c1)C(=O)N[C@H](C(=O)O)[C@H](C)O,inactive,4.8576105338811635
CHEMBL3423204,COC(=O)[C@@H](NC(=O)[C@@H](NC(=O)[C@H](CC(N)=O)NC(=O)Cc1cccc(Oc2ccccc2)c1)C(C)C)[C@H](C)O,active,6.5376020021010435
CHEMBL3423205,CC(C)[C@H](NC(=O)[C@H](CC(N)=O)NC(=O)Cc1cccc(Oc2ccccc2)c1)C(=O)N[C@H](C(=O)OCc1ccccc1)[C@H](C)O,active,6.036212172654444
CHEMBL3423346,CC(C)[C@H](NC(=O)[C@H](CC(N)=O)NC(=O)Cc1cccc(Oc2ccccc2)c1)C(=O)NCCO,inactive,4.764724123312948
CHEMBL3423347,CCCNC(=O)[C@@H](NC(=O)[C@H](CC(N)=O)NC(=O)Cc1cccc(Oc2ccccc2)c1)C(C)C,inactive,4.88706002391592
CHEMBL3577367,CC[C@H](C)[C@H](NC(=O)[C@@H](NC(=O)C1OC(=O)C1C(C)C)C(C)C)C(=O)O,active,6.443697499232712
CHEMBL3577368,CC(C)C1C(=O)OC1C(=O)N[C@H](C(=O)N[C@H](C(=O)O)C(C)C)C(C)C,active,6.031517051446065
CHEMBL3785613,COCC(=O)N[C@@H](Cc1ccccc1)C(=O)N[C@@H](CC(C)C)B(O)O,active,8.199970640755867
CHEMBL3785317,COCCC(=O)N[C@@H](Cc1ccccc1)C(=O)N[C@@H](CC(C)C)B(O)O,active,8.072116589669292
CHEMBL3787673,CCCC(=O)N[C@@H](Cc1ccccc1)C(=O)N[C@@H](CC(C)C)B(O)O,active,8.158640529545146
CHEMBL3785681,CC(C)C[C@H](NC(=O)[C@H](Cc1ccccc1)NC(=O)CC(C)(C)C)B(O)O,active,8.328827157284916
CHEMBL3786484,CC(C)C[C@H](NC(=O)[C@H](Cc1ccccc1)NC(=O)C1CCCC1)B(O)O,active,8.31695296176115
CHEMBL499361,CC(C)C[C@H](NC(=O)[C@H](Cc1ccccc1)NC(=O)[C@H]1CCCc2ccccc21)B(O)O,active,8.920818753952375
CHEMBL499504,CC(C)C[C@H](NC(=O)[C@H](Cc1ccccc1)NC(=O)c1cccc2c1CCCC2)B(O)O,active,8.795880017344075
CHEMBL3786398,CC(C)C[C@@H](NC(=O)CC(NC(=O)[C@H]1CCCc2ccccc21)c1cccc(F)c1)B(O)O,active,8.991399828238082
CHEMBL606394,CC(C)C[C@H](NC(=O)[C@H](Cc1ccccc1)NC(=O)c1cnccn1)B1OC2C[C@@H]3C[C@@H](C3(C)C)[C@]2(C)O1,active,8.71669877129645
CHEMBL3794440,Cc1ccc(C[C@H](NC(=O)[C@H](Cc2ccccc2)NC(=O)c2cnccn2)B2OC3C[C@@H]4C[C@@H](C4(C)C)[C@]3(C)O2)cc1,active,8.314258261397736
CHEMBL3792854,CC1(C)[C@@H]2CC3OB([C@H](Cc4ccc(F)cc4)NC(=O)[C@H](Cc4ccccc4)NC(=O)c4cnccn4)O[C@@]3(C)[C@H]1C2,active,8.493494967595128
CHEMBL3793344,CC(C)C[C@H](NC(=O)[C@H](Cc1ccccc1)NC(=O)C1CCCc2ccccc21)B1OC2C[C@@H]3C[C@@H](C3(C)C)[C@]2(C)O1,active,8.378823718224965
CHEMBL3794168,CC(C)C[C@H](NC(=O)[C@H](Cc1ccccc1)NC(=O)[C@H]1CCCc2ccccc21)B1OC2C[C@@H]3C[C@@H](C3(C)C)[C@]2(C)O1,active,8.950781977329818
CHEMBL3792730,CC(C)C[C@H](NC(=O)[C@H](Cc1ccccc1)NC(=O)[C@@H]1CCCc2ccccc21)B1OC2C[C@@H]3C[C@@H](C3(C)C)[C@]2(C)O1,active,8.286509456906057
CHEMBL3792511,CCCC[C@H](NC(=O)[C@H](Cc1ccccc1)NC(=O)[C@H]1CCCc2ccccc21)B1OC2C[C@@H]3C[C@@H](C3(C)C)[C@]2(C)O1,active,8.71669877129645
CHEMBL3793876,CC1(C)[C@@H]2CC3OB([C@H](Cc4ccccc4)NC(=O)[C@H](Cc4ccccc4)NC(=O)[C@H]4CCCc5ccccc54)O[C@@]3(C)[C@H]1C2,active,8.280668713016274
CHEMBL3792587,Cc1ccc(C[C@H](NC(=O)[C@H](Cc2ccccc2)NC(=O)[C@H]2CCCc3ccccc32)B2OC3C[C@@H]4C[C@@H](C4(C)C)[C@]3(C)O2)cc1,active,8.173925197299173
CHEMBL3794136,CC1(C)[C@@H]2CC3OB([C@H](Cc4ccc(F)cc4)NC(=O)[C@H](Cc4ccccc4)NC(=O)[C@H]4CCCc5ccccc54)O[C@@]3(C)[C@H]1C2,active,8.899629454882437
CHEMBL3792403,CC(C)C[C@H](NC(=O)[C@@H](NC(=O)C1CCCc2ccccc21)C(C)C)B1OC2C[C@@H]3C[C@@H](C3(C)C)[C@]2(C)O1,active,7.4089353929735005
CHEMBL3792405,CC(C)C[C@H](NC(=O)C1CCCc2ccccc21)C(=O)N[C@@H](CC(C)C)B1OC2C[C@@H]3C[C@@H](C3(C)C)[C@]2(C)O1,active,7.847711655616943
CHEMBL3794131,CCC(C)[C@H](NC(=O)C1CCCc2ccccc21)C(=O)N[C@@H](CC(C)C)B1OC2C[C@@H]3C[C@@H](C3(C)C)[C@]2(C)O1,active,7.764471553092451
CHEMBL1169560,CC(C)C[C@H](NC(=O)[C@H](Cc1cccc2ccccc12)NC(=O)C1CCCc2ccccc21)B1OC2C[C@@H]3C[C@@H](C3(C)C)[C@]2(C)O1,active,8.370590400897282
CHEMBL1169561,CC(C)C[C@H](NC(=O)[C@H](Cc1ccc2ccccc2c1)NC(=O)C1CCCc2ccccc21)B1OC2C[C@@H]3C[C@@H](C3(C)C)[C@]2(C)O1,active,8.11747546204512
CHEMBL3792602,CC(C)C[C@H](NC(=O)[C@H](Cc1ccc2ccccc2c1)NC(=O)[C@H]1CCCc2ccccc21)B1OC2C[C@@H]3C[C@@H](C3(C)C)[C@]2(C)O1,active,8.213248577854438
CHEMBL3794171,CC(C)C[C@H](NC(=O)[C@H](Cc1c[nH]c2ccccc12)NC(=O)C1CCCc2ccccc21)B1OC2C[C@@H]3C[C@@H](C3(C)C)[C@]2(C)O1,active,8.435333935747911
CHEMBL3793242,CC(C)C[C@H](NC(=O)[C@H](Cc1ccccc1)NC(=O)C1CCc2ccccc2C1)B1OC2C[C@@H]3C[C@@H](C3(C)C)[C@]2(C)O1,active,8.835647144215564
CHEMBL3793066,CC1(C)[C@@H]2CC3OB([C@H](Cc4ccccc4)NC(=O)[C@H](Cc4ccccc4)NC(=O)C4CCc5ccccc5C4)O[C@@]3(C)[C@H]1C2,active,8.47237009912866
CHEMBL3793238,Cc1ccc(C[C@H](NC(=O)[C@H](Cc2ccccc2)NC(=O)C2CCc3ccccc3C2)B2OC3C[C@@H]4C[C@@H](C4(C)C)[C@]3(C)O2)cc1,active,8.935542010773082
CHEMBL3793581,CC(C)C[C@H](NC(=O)c1cccc2c1CCCC2)C(=O)N[C@@H](CC(C)C)B1OC2C[C@@H]3C[C@@H](C3(C)C)[C@]2(C)O1,active,8.939302159646388
CHEMBL3793192,CC(C)C[C@H](NC(=O)[C@@H](NC(=O)c1cccc2c1CCCC2)C(C)C)B1OC2C[C@@H]3C[C@@H](C3(C)C)[C@]2(C)O1,active,8.157390760389438
CHEMBL3793848,CC(C)C[C@H](NC(=O)[C@H](Cc1ccccc1)NC(=O)c1cccc2c1CCCC2)B1OC2C[C@@H]3C[C@@H](C3(C)C)[C@]2(C)O1,active,9.119186407719209
CHEMBL3794207,CC(C)C[C@H](NC(=O)[C@H](Cc1cccc2ccccc12)NC(=O)c1cccc2c1CCCC2)B1OC2C[C@@H]3C[C@@H](C3(C)C)[C@]2(C)O1,active,8.872895201635192
CHEMBL3793093,CC(C)C[C@H](NC(=O)[C@H](Cc1cccc2ccccc12)NC(=O)c1ccc2ccccc2c1)B1OC2C[C@@H]3C[C@@H](C3(C)C)[C@]2(C)O1,active,8.60906489289662
CHEMBL3794310,CC(C)C[C@H](NC(=O)[C@H](Cc1ccc2ccccc2c1)NC(=O)c1cccc2c1CCCC2)B1OC2C[C@@H]3C[C@@H](C3(C)C)[C@]2(C)O1,active,8.935542010773082
CHEMBL3794303,CCCC[C@H](NC(=O)[C@H](Cc1ccccc1)NC(C)=O)B1OC2C[C@@H]3C[C@@H](C3(C)C)[C@]2(C)O1,active,8.072629636960976
CHEMBL3792573,CC(=O)N[C@@H](Cc1ccccc1)C(=O)N[C@@H](CC(C)C)B1OC2C[C@@H]3C[C@@H](C3(C)C)[C@]2(C)O1,active,8.630784142589857
CHEMBL3793863,CC(=O)N[C@@H](Cc1ccccc1)C(=O)N[C@@H](Cc1ccc(C)cc1)B1OC2C[C@@H]3C[C@@H](C3(C)C)[C@]2(C)O1,active,8.563837352959244
CHEMBL3793068,CC(C)C[C@H](NC(=O)[C@H](Cc1ccc(O)cc1)NC(=O)OC(C)(C)C)B1OC2C[C@@H]3C[C@@H](C3(C)C)[C@]2(C)O1,active,7.785156151952302
CHEMBL3793665,CC(C)(C)OC(=O)N[C@@H](Cc1ccc(O)cc1)C(=O)N[C@@H](Cc1ccccc1)B1OC2C[C@@H]3C[C@@H](C3(C)C)[C@]2(C)O1,active,6.943095148663527
CHEMBL3793633,CCCC[C@H](NC(=O)[C@H](CC(C)C)NC(=O)OC(C)(C)C)B1OC2C[C@@H]3C[C@@H](C3(C)C)[C@]2(C)O1,active,7.305394801066432
CHEMBL3793010,CC(C)C[C@H](NC(=O)OC(C)(C)C)C(=O)N[C@@H](Cc1ccccc1)B1OC2C[C@@H]3C[C@@H](C3(C)C)[C@]2(C)O1,active,6.92009553233328
CHEMBL3792846,Cc1ccc(C[C@H](NC(=O)[C@H](CC(C)C)NC(=O)OC(C)(C)C)B2OC3C[C@@H]4C[C@@H](C4(C)C)[C@]3(C)O2)cc1,active,6.326979092871103
CHEMBL3794482,CC(C)C[C@H](NC(=O)[C@H](Cc1c[nH]c2ccccc12)NC(=O)OCc1ccccc1)B1OC2C[C@@H]3C[C@@H](C3(C)C)[C@]2(C)O1,active,7.3851027839668655
CHEMBL3793683,Cc1ccc(C[C@H](NC(=O)[C@H](Cc2c[nH]c3ccccc23)NC(=O)OCc2ccccc2)B2OC3C[C@@H]4C[C@@H](C4(C)C)[C@]3(C)O2)cc1,active,8.476253533188435
CHEMBL499083,O=C(N[C@@H](Cc1ccccc1)C(=O)N[C@@H](Cc1ccc(F)cc1)B(O)O)c1cnccn1,active,8.359518563029578
CHEMBL3794075,Cc1cnc(C(=O)N[C@@H](Cc2ccccc2)C(=O)N[C@@H](CC(C)C)B(O)O)cn1,active,7.581036169296377
CHEMBL3792495,CC(C)C[C@H](NC(=O)[C@H](Cc1ccc(C(F)(F)F)cc1)NC(=O)c1cnccn1)B(O)O,active,7.370488465799546
CHEMBL3794347,CC(C)C[C@H](NC(=O)[C@H](Cc1ccc(C(F)(F)F)cc1)NC(=O)c1cc(Cl)ccc1Cl)B(O)O,active,8.079876673709276
CHEMBL3793540,CC(C)C[C@H](NC(=O)[C@H](Cc1cc(C(F)(F)F)cc(C(F)(F)F)c1)NC(=O)c1cc(Cl)ccc1Cl)B(O)O,active,7.601712694642599
CHEMBL3793107,COc1cc(C[C@H](NC(=O)c2cc(Cl)ccc2Cl)C(=O)N[C@@H](CC(C)C)B(O)O)cc(OC)c1,active,8.337242168318426
CHEMBL3799308,O=c1c2ccccc2c(-c2ccc(OCCCC[P+](c3ccccc3)(c3ccccc3)c3ccccc3)cc2)nn1-c1cccs1,inactive,4.7537476877006775
CHEMBL3798569,CCN(CC)c1ccc(-n2nc(-c3ccc(OCCCC[P+](c4ccccc4)(c4ccccc4)c4ccccc4)cc3)c3ccccc3c2=O)cc1,inactive,4.989276134608227
CHEMBL3799001,CNc1ccc(-n2nc(-c3ccc(OCCCC[P+](c4ccccc4)(c4ccccc4)c4ccccc4)cc3)c3ccccc3c2=O)cc1,inactive,4.846795099915716
CHEMBL3800382,O=c1c2ccccc2c(-c2ccc(OCCCC[P+](c3ccccc3)(c3ccccc3)c3ccccc3)cc2)nn1-c1ccc2ccccc2c1,inactive,4.8613815661005075
CHEMBL3798873,CCN(CC)c1ccc(-n2nc(-c3ccc(OCCCC[P+](C4CCCCC4)(C4CCCCC4)C4CCCCC4)cc3)c3ccccc3c2=O)cc1,inactive,4.87484417041947
CHEMBL3799436,CC(C)Cn1nc(-c2ccc(OCCCC[P+](c3ccccc3)(c3ccccc3)c3ccccc3)cc2)c2ccccc2c1=O,inactive,4.584192272364457
CHEMBL3800475,O=c1c2ccccc2c(-c2ccc(OCCCC[P+](c3ccccc3)(c3ccccc3)c3ccccc3)cc2)nn1CC1CC1,inactive,4.637329070274333
CHEMBL3800196,O=c1c2ccccc2c(-c2ccc(OCCCC[P+](c3ccccc3)(c3ccccc3)c3ccccc3)cc2)nn1CC1CCC1,inactive,4.666754301038037
CHEMBL3798107,O=c1c2ccccc2c(-c2ccc(OCCCC[P+](c3ccccc3)(c3ccccc3)c3ccccc3)cc2)nn1CC1CCCCC1,inactive,4.7920964696139485
CHEMBL3797781,O=c1c2ccccc2c(-c2ccc(OCCCC[P+](c3ccccc3)(c3ccccc3)c3ccccc3)cc2)nn1Cc1ccccc1,inactive,4.925915310971757
CHEMBL3805918,Cc1nc2ccc(F)cc2cc1C1=CCCCC1,inactive,4.6020599913279625
CHEMBL3804889,Cc1nc2ccc(Cl)cc2cc1C1=CCCCC1,inactive,4.6020599913279625
CHEMBL3805485,Cc1nc2cc(Br)cc(Br)c2cc1C1=CCCCC1,inactive,4.6020599913279625
CHEMBL3804977,Cc1nc2cc(Cl)cc(Cl)c2cc1C1=CCCCC1,inactive,4.6020599913279625
CHEMBL3805787,Cc1nc2ccccc2cc1C1=CCCCC1,inactive,4.6020599913279625
CHEMBL3806104,Cc1cc(C)c2cc(-c3ccccc3)c(-c3ccccc3)nc2c1,inactive,4.6020599913279625
CHEMBL3805830,C=C(C)c1cc2c(C)cc(C)cc2nc1CC,inactive,4.6020599913279625
CHEMBL3805729,Cc1cc(C)c2cc(C3=CCCCC3)cnc2c1,inactive,4.860120913598763
CHEMBL3806156,CCc1nc2cc(C)cc(C)c2cc1C1=CCCCC1,inactive,4.701146923590294
CHEMBL3805213,Cc1cc(C)c2cc(C3=CCCCC3)c(C)nc2c1,inactive,4.841637507904751
CHEMBL3806263,Cc1cc(C)c2cc(-c3ccccc3)c(C)nc2c1,inactive,4.815308569182401
CHEMBL3805282,Cc1ccc2nc(C)c(-c3ccccc3)cc2c1,inactive,4.71669877129645
CHEMBL3805307,Cc1cc(C)c2cc(-c3ccccc3)cnc2c1,inactive,4.627087997029894
CHEMBL3805672,c1ccc(-c2cnc3ccccc3c2)cc1,inactive,4.6020599913279625
CHEMBL195661,Cc1cnc2ccccc2c1,inactive,4.6020599913279625
CHEMBL194931,Cc1ccc2ccccc2n1,inactive,4.6020599913279625
CHEMBL3805312,COc1ccc2nc(C)c(C3=CCCCC3)cc2c1,inactive,4.6020599913279625
CHEMBL3805167,COc1cc2nc(C)c(C3=CCCCC3)cc2c(OC)c1OC,inactive,4.806875401645538
CHEMBL3805957,CN(C)c1ccc2ncc(C(C)(C)C)cc2c1,inactive,4.6020599913279625
CHEMBL3804847,CCCCc1ccc2cc(N(C)C)ccc2n1,inactive,4.6020599913279625
CHEMBL3805403,CCc1cc2cc(N(C)C)ccc2nc1CC,inactive,4.728158393463501
CHEMBL3806316,Cc1nc2ccc(N(C)C)cc2cc1-c1ccccc1,inactive,5.0
CHEMBL3805036,CN(C)c1ccc2nc(-c3ccccc3)c(-c3ccccc3)cc2c1,inactive,4.6020599913279625
CHEMBL3805379,CCCCc1ccc2nc(C)c(-c3ccccc3)cc2c1,inactive,4.665546248849069
CHEMBL3805152,Cc1nc2ccc(C(C)C)cc2cc1-c1ccccc1,inactive,4.6020599913279625
CHEMBL3805961,Cc1nc2ccc(Br)cc2cc1-c1ccccc1,inactive,4.6020599913279625
CHEMBL449298,Nc1ccc(O)c2ncccc12,active,6.221848749616356
CHEMBL451887,CC(C)C[C@H](NC(=O)[C@H](CCc1ccccc1)NC(=O)CN1CCOCC1)C(=O)N[C@@H](Cc1ccccc1)C(=O)N[C@@H](CC(C)C)C(=O)[C@@]1(C)CO1,active,8.075720713938118
CHEMBL3945664,O=C(Nc1nccs1)C1CCN(C(=O)N[C@@H](CCc2ccccc2)C(=O)N[C@@H](CCc2ccccc2)C(=O)NCc2ccccc2Cl)CC1,active,8.366531544420413
CHEMBL3890793,O=C(Nc1cccnc1)C1CCN(C(=O)N[C@@H](CCc2ccccc2)C(=O)N[C@@H](CCc2ccccc2)C(=O)NCc2ccccc2Cl)CC1,active,8.853871964321762
CHEMBL3918862,O=C(Nc1ccccn1)C1CCN(C(=O)N[C@@H](CCc2ccccc2)C(=O)N[C@@H](CCc2ccccc2)C(=O)NCc2ccccc2Cl)CC1,active,8.619788758288394
CHEMBL3899778,COc1ccc(NC(=O)C2CCN(C(=O)N[C@@H](CCc3ccccc3)C(=O)N[C@@H](CCc3ccccc3)C(=O)NCc3ccccc3Cl)CC2)cc1,active,7.804100347590766
CHEMBL3924372,O=C(Nc1ccc(F)cc1)C1CCN(C(=O)N[C@@H](CCc2ccccc2)C(=O)N[C@@H](CCc2ccccc2)C(=O)NCc2ccccc2Cl)CC1,active,7.772113295386326
CHEMBL3890040,O=C(Nc1ccccc1)C1CCN(C(=O)N[C@@H](CCc2ccccc2)C(=O)N[C@@H](CCc2ccccc2)C(=O)NCc2ccccc2Cl)CC1,active,8.522878745280337
CHEMBL3959072,O=C(NC1CCN(C(=O)N[C@@H](CCc2ccccc2)C(=O)N[C@@H](CCc2ccccc2)C(=O)NCc2ccccc2Cl)CC1)c1cnccn1,active,7.6252516539898965
CHEMBL3942696,O=C(Nc1cnccn1)C1CCN(C(=O)N[C@@H](CCc2ccccc2)C(=O)N[C@@H](CCc2ccccc2)C(=O)NCc2ccccc2Cl)CC1,active,7.8326826652518236
CHEMBL3914696,O=C(NC1CCN(C(=O)N[C@@H](Cc2ccccc2)C(=O)N[C@@H](CCc2ccccc2)C(=O)NCc2ccccc2Cl)CC1)c1cnccn1,active,6.463567824177987
CHEMBL3959621,O=C(Nc1cnccn1)C1CCN(C(=O)N[C@@H](Cc2ccccc2)C(=O)N[C@@H](CCc2ccccc2)C(=O)NCc2ccccc2Cl)CC1,active,6.81559251458768
CHEMBL3905708,CC(C)C[C@H](NC(=O)N1CCC(NC(=O)c2cnccn2)CC1)C(=O)N[C@@H](CCc1ccccc1)C(=O)NCc1ccccc1Cl,active,7.34008379993015
CHEMBL3960165,CC(C)C[C@H](NC(=O)N1CCC(C(=O)Nc2cnccn2)CC1)C(=O)N[C@@H](CCc1ccccc1)C(=O)NCc1ccccc1Cl,active,7.779891911959945
CHEMBL3932672,C[C@H](NC(=O)N1CCC(NC(=O)c2cnccn2)CC1)C(=O)N[C@@H](CCc1ccccc1)C(=O)NCc1ccccc1Cl,active,6.1739900222088995
CHEMBL3951433,C[C@H](NC(=O)N1CCC(C(=O)Nc2cnccn2)CC1)C(=O)N[C@@H](CCc1ccccc1)C(=O)NCc1ccccc1Cl,active,6.220836576235501
CHEMBL67885,COc1ccc2c(c1)C(CC(=O)N[C@@H](CC(C)C)C(=O)N[C@H](CC(C)C)C(=O)NCc1c(F)cccc1F)CC2=O,active,6.853871964321762
CHEMBL4101256,C[C@H](NC(=O)c1cccc(=O)[nH]1)C(=O)N[C@@H](Cc1ccccc1)C(=O)[C@@]1(C)CO1,inactive,4.37193819131486
CHEMBL4074528,COc1ccc(C[C@H](NC(=O)c2cccc(=O)[nH]2)C(=O)N[C@@H](Cc2ccccc2)C(=O)[C@@]2(C)CO2)cc1,inactive,4.739308634062524
CHEMBL4064046,CC[C@H](C)[C@H](NC(=S)Nc1cccc([N+](=O)[O-])c1)C(=O)N[C@H](Cc1ccccc1)C(=O)Nc1cccc(OC)c1,inactive,4.651889931519762
CHEMBL4085613,CC[C@H](C)[C@H](NC(=S)Nc1cccc([N+](=O)[O-])c1)C(=O)N[C@H](Cc1ccccc1)C(=O)Nc1ccc(C)c(C)c1,inactive,4.301029995663981
CHEMBL4094297,CC[C@H](C)[C@H](NC(=S)Nc1cccc([N+](=O)[O-])c1)C(=O)N[C@H](Cc1ccccc1)C(=O)Nc1ccc(OC)cc1,inactive,4.537152964168326
CHEMBL4078686,CC[C@H](C)[C@H](NC(=S)Nc1cccc([N+](=O)[O-])c1)C(=O)N[C@H](Cc1ccccc1)C(=O)Nc1cccc(C(F)(F)F)c1,active,8.065501548756432
CHEMBL4096708,CC[C@H](C)[C@H](NC(=S)Nc1cccc([N+](=O)[O-])c1)C(=O)N[C@H](Cc1ccccc1)C(=O)Nc1ccc(C)c(Cl)c1,inactive,4.301029995663981
CHEMBL4092511,CC[C@H](C)[C@H](NC(=S)Nc1ccc(C(F)(F)F)cc1)C(=O)N[C@H](Cc1ccccc1)C(=O)Nc1cccc(Br)c1,active,7.657577319177793
CHEMBL4064812,CC[C@H](C)[C@H](NC(=S)Nc1ccc(Br)cc1)C(=O)N[C@H](Cc1ccccc1)C(=O)Nc1ccc(C)c(Cl)c1,inactive,4.301029995663981
CHEMBL4100259,CC[C@H](C)[C@H](NC(=S)Nc1cccc(C(F)(F)F)c1)C(=O)N[C@H](Cc1ccccc1)C(=O)Nc1ccc(Cl)c(Cl)c1,active,7.769551078621726
CHEMBL4073408,CC[C@H](C)[C@H](NC(=S)Nc1cccc(C(F)(F)F)c1)C(=O)N[C@H](Cc1ccccc1)C(=O)Nc1cccc(C(F)(F)F)c1,inactive,4.707743928643524
CHEMBL4062055,CC[C@H](C)[C@H](/N=C(/Nc1cccc(C(F)(F)F)c1)SC)C(=O)N[C@H](Cc1ccccc1)C(=O)Nc1ccc(Cl)c(Cl)c1,inactive,4.654430243943608
CHEMBL4070680,CC[C@H](C)[C@H](/N=C(/Nc1cccc([N+](=O)[O-])c1)SC)C(=O)N[C@H](Cc1ccccc1)C(=O)Nc1ccc(C)c(C)c1,inactive,4.301029995663981
CHEMBL4090916,CC(C)(C)CNC(=O)C[C@H](NC(=O)N1CCC(NC(=O)c2cnccn2)CC1)C(=O)N[C@@H](CCc1ccccc1)C(=O)NCc1ccc2c(c1)OCO2,active,8.0
CHEMBL4102973,CC(C)(C)CNC(=O)C[C@H](NC(=O)N1CCC(C(=O)Nc2cnccn2)CC1)C(=O)N[C@@H](CCc1ccccc1)C(=O)NCc1ccc2c(c1)OCO2,active,8.537602002101044
CHEMBL4078693,CC(C)(C)CNC(=O)C[C@H](NC(=O)N1CCC(NC(=O)c2ccc(F)cc2)CC1)C(=O)N[C@@H](CCc1ccccc1)C(=O)NCc1ccccc1Cl,active,8.920818753952375
CHEMBL4094582,CC(C)(C)CNC(=O)C[C@H](NC(=O)N1CCC(C(=O)Nc2ccc(F)cc2)CC1)C(=O)N[C@@H](CCc1ccccc1)C(=O)NCc1ccccc1Cl,active,8.823908740944319
CHEMBL4067120,COc1ccc(NC(=O)C2CCN(C(=O)N[C@@H](CC(=O)NCC(C)(C)C)C(=O)N[C@@H](CCc3ccccc3)C(=O)NCc3ccccc3Cl)CC2)cc1,active,7.590066876668706
CHEMBL4086868,CC(C)(C)CNC(=O)C[C@H](NC(=O)N1CCC(C(=O)Nc2ccc(C(F)(F)F)cc2)CC1)C(=O)N[C@@H](CCc1ccccc1)C(=O)NCc1ccccc1Cl,active,6.71556926615548
CHEMBL4104744,CC(C)(C)CNC(=O)C[C@H](NC(=O)N1CCC(C(=O)Nc2cccnc2)CC1)C(=O)N[C@@H](CCc1ccccc1)C(=O)NCc1ccccc1Cl,active,9.154901959985743
CHEMBL4064404,CC(C)(C)CNC(=O)C[C@H](NC(=O)N1CCC(C(=O)Nc2ccccn2)CC1)C(=O)N[C@@H](CCc1ccccc1)C(=O)NCc1ccccc1Cl,active,9.0
CHEMBL4085936,CC(C)(C)CNC(=O)C[C@H](NC(=O)N1CCC(C(=O)Nc2ccon2)CC1)C(=O)N[C@@H](CCc1ccccc1)C(=O)NCc1ccccc1Cl,active,8.154901959985743
CHEMBL4102324,CC(C)(C)CNC(=O)C[C@H](NC(=O)N1CCC(C(=O)Nc2nccs2)CC1)C(=O)N[C@@H](CCc1ccccc1)C(=O)NCc1ccccc1Cl,active,9.045757490560675
CHEMBL4078056,CC(C)(C)CNC(=O)C[C@H](NC(=O)N1CCC(C(=O)NCc2nccs2)CC1)C(=O)N[C@@H](CCc1ccccc1)C(=O)NCc1ccccc1Cl,active,9.0
CHEMBL4069929,CC(C)(C)CNC(=O)C[C@H](NC(=O)N1CCC(C(=O)Nc2cnccn2)CC1)C(=O)N[C@@H](CCc1ccccc1)C(=O)NCc1ccc(F)cc1F,active,8.18045606445813
CHEMBL4083128,CC(C)(C)CNC(=O)C[C@H](NC(=O)N1CCC(NC(=O)c2cnccn2)CC1)C(=O)N[C@@H](CCc1ccccc1)C(=O)NCc1ccc(F)cc1F,active,7.966576244513051
CHEMBL4061262,CC(C)(C)CNC(=O)C[C@H](NC(=O)N1CCC(C(=O)Nc2cnccn2)CC1)C(=O)N[C@@H](CCc1ccccc1)C(=O)NCc1ccccc1Cl,active,9.221848749616356
CHEMBL4072652,CC(C)(C)CNC(=O)C[C@H](NC(=O)N1CCC(NC(=O)c2cnccn2)CC1)C(=O)N[C@@H](CCc1ccccc1)C(=O)NCc1ccccc1Cl,active,8.958607314841775
CHEMBL4099557,CC(C)(C)CNC(=O)C[C@H](NC(=O)N1CCC(C(=O)Nc2cnccn2)CC1)C(=O)N[C@@H](Cc1ccccc1)C(=O)NCc1ccccc1Cl,active,7.7447274948966935
CHEMBL4064053,CC(C)(C)CNC(=O)C[C@H](NC(=O)N1CCC(NC(=O)c2cnccn2)CC1)C(=O)N[C@@H](Cc1ccccc1)C(=O)NCc1ccccc1Cl,active,7.3872161432802645
CHEMBL4091814,CC(C)C[C@H](NC(=O)[C@H](CC(=O)NCC(C)(C)C)NC(=O)N1CCC(C(=O)Nc2cnccn2)CC1)C(=O)NCc1ccccc1Cl,active,7.935542010773082
CHEMBL4086778,CC(C)C[C@H](NC(=O)[C@H](CC(=O)NCC(C)(C)C)NC(=O)N1CCC(NC(=O)c2cnccn2)CC1)C(=O)NCc1ccccc1Cl,active,7.661543506395395
CHEMBL4078258,C[C@H](NC(=O)[C@H](CC(=O)NCC(C)(C)C)NC(=O)N1CCC(C(=O)Nc2cnccn2)CC1)C(=O)NCc1ccccc1Cl,active,7.705533773838407
CHEMBL4099146,C[C@H](NC(=O)[C@H](CC(=O)NCC(C)(C)C)NC(=O)N1CCC(NC(=O)c2cnccn2)CC1)C(=O)NCc1ccccc1Cl,active,7.876148359032914
CHEMBL4072186,CC(C)(C)CNC(=O)C[C@H](NC(=O)N1CCN(C(=O)c2ccc(F)cc2)CC1)C(=O)N[C@@H](CCc1ccccc1)C(=O)NCc1ccccc1Cl,active,8.42021640338319
CHEMBL4060792,CC(C)(C)CNC(=O)C[C@H](NC(=O)N1CCN(C(=O)c2ccccn2)CC1)C(=O)N[C@@H](CCc1ccccc1)C(=O)NCc1ccccc1Cl,active,8.259637310505756
CHEMBL4082676,CC(C)(C)CNC(=O)C[C@H](NC(=O)C1CCN(C(=O)c2ccc(F)cc2)CC1)C(=O)N[C@@H](CCc1ccccc1)C(=O)NCc1ccccc1Cl,active,8.585026652029182
CHEMBL4099839,CC(C)(C)CNC(=O)C[C@H](NC(=O)C1CCN(C(=O)c2cnccn2)CC1)C(=O)N[C@@H](CCc1ccccc1)C(=O)NCc1ccccc1Cl,active,8.619788758288394
CHEMBL4074568,C[C@@H](CO)NC(=O)c1ccccc1O,inactive,4.605723473232178
CHEMBL4072145,O=CN(O)CCC[C@@H](NC(=O)[C@H](CO)NC(=O)[C@@H]1COC(c2ccccc2O)=N1)C(=O)NCCC(=O)N[C@@H]1CCCN(O)C1=O,inactive,4.404503778174426
CHEMBL4089215,CC(C)C[C@H](NC(=O)[C@H](Cc1ccccc1)NC1=CC(=O)c2ccccc2C1=O)B(O)O,active,7.942333896090171
CHEMBL4088947,CC(C)C[C@H](NC1=CC(=O)c2ccccc2C1=O)C(=O)N[C@@H](CC(C)C)B(O)O,active,7.354086724966156
CHEMBL4092267,CC(C)C[C@H](NC(=O)CNC1=CC(=O)c2ccccc2C1=O)B(O)O,active,7.635073966210024
CHEMBL4102483,CC1=C(N[C@@H](Cc2ccccc2)C(=O)N[C@@H](CC(C)C)B(O)O)C(=O)c2ccccc2C1=O,active,7.586197483230649
CHEMBL4100015,CC(C)C[C@H](NC(=O)[C@H](Cc1ccccc1)NC1=C(Cl)C(=O)c2ccccc2C1=O)B(O)O,active,7.609418121449565
CHEMBL4071106,C#Cc1ccc(COC(=O)[C@H](C)NC(=O)[C@H](CCCCNC(=O)[C@@H]2OC(=O)[C@H]2CCCCCC)NC(=O)OCc2ccccc2)cc1,active,6.585026652029182
CHEMBL4070939,CCCCCC[C@@H]1C(=O)O[C@H]1C(=O)NCCCC[C@@H]1NC(=O)N([C@@H](C)C(=O)OCc2ccccc2)C1=O,active,6.292429823902063
CHEMBL4091800,CCCCCC[C@@H]1C(=O)O[C@H]1C(=O)NCCCC[C@H](NC(=O)OCc1ccccc1)C(=O)N[C@@H](C)C(=O)OCc1ccccc1,active,6.431798275933005
CHEMBL4062314,CCCCCC[C@@H]1C(=O)O[C@H]1C(=O)NCCCC[C@H](NC(=O)[C@H](C)NC(=O)c1ccc(Br)cc1)C(=O)OCc1ccccc1,active,6.292429823902063
CHEMBL4084033,CCCCCC[C@@H]1C(=O)O[C@H]1C(=O)NCCC[C@H](NC(=O)[C@H](C)NC(=O)OCc1ccccc1)C(=O)OCc1ccccc1,active,6.154901959985743
CHEMBL4100488,CCCCCC[C@@H]1C(=O)O[C@H]1C(=O)NCCCC[C@H](NC(=O)CNC(=O)OCc1ccccc1)C(=O)OCc1ccccc1,active,6.2441251443275085
CHEMBL4073670,CCCCCC[C@@H]1C(=O)O[C@H]1C(=O)NCCCC[C@H](NC(=O)[C@H](C)NC(=O)OCc1ccccc1)C(=O)OCc1ccccc1,active,6.301029995663981
CHEMBL175247,CCCCCCCCCCC[C@@H](C[C@@H]1OC(=O)[C@H]1CCCCCC)OC(=O)[C@H](CC(C)C)NC=O,inactive,4.0
CHEMBL484701,CC(C)C[C@H](NC(=O)[C@H](Cc1ccccc1)NC(=O)NCc1ccccc1)B(O)O,active,8.0
CHEMBL4077282,CC(C)C[C@H](NC(=O)[C@H](Cc1ccccc1)NC(=O)NCCc1ccccc1)B(O)O,active,7.698970004336019
CHEMBL4080306,CC(C)C[C@H](NC(=O)[C@H](Cc1ccccc1)NC(=O)N[C@H](C)c1ccccc1)B(O)O,active,8.0
CHEMBL4075298,CC(C)C[C@H](NC(=O)[C@H](Cc1ccccc1)NC(=O)N[C@@H](C)c1ccccc1)B(O)O,active,6.698970004336019
CHEMBL4089402,CC(C)C[C@H](NC(=O)[C@H](Cc1ccccc1)NC(=O)N1CCc2ccccc2C1)B(O)O,active,12.698970004336019
CHEMBL4068221,CC(C)C[C@H](NC(=O)[C@H](Cc1ccccc1)NC(=O)N(C)Cc1ccccc1)B(O)O,active,8.698970004336019
CHEMBL4077037,Cc1cccc(CNC(=O)N[C@@H](Cc2ccccc2)C(=O)N[C@@H](CC(C)C)B(O)O)c1C,active,8.397940008672037
CHEMBL4065491,CC(C)C[C@H](NC(=O)[C@H](Cc1ccccc1)NC(=O)NCc1cnccn1)B(O)O,active,7.301029995663981
CHEMBL4091983,CC(C)C[C@H](NC(=O)[C@H](Cc1ccccc1)NC(=O)NCc1cc(Cl)ccc1Cl)B(O)O,active,7.3979400086720375
CHEMBL4070336,CC(C)C[C@H](NC(=O)[C@H](Cc1ccccc1)NC(=O)NCc1cccc(-c2ccccc2)c1)B(O)O,active,9.522878745280337
CHEMBL4096371,CC(C)C[C@H](NC(=O)[C@H](Cc1ccccc1)NC(=O)NCc1ccco1)B(O)O,active,7.698970004336019
CHEMBL4075225,CC(C)C[C@H](NC(=O)[C@H](Cc1ccccc1)NC(=O)NCc1ccc2ccccc2c1)B(O)O,active,7.920818753952375
CHEMBL4100727,CC(C)C[C@H](NC(=O)[C@H](Cc1ccccc1)NC(=O)NCc1ccc(F)c(F)c1)B(O)O,active,8.698970004336019
CHEMBL4076838,CC(C)C[C@H](NC(=O)[C@H](Cc1ccccc1)NC(=O)NCc1cccc([N+](=O)[O-])c1)B(O)O,active,8.522878745280337
CHEMBL4105585,CC(C)C[C@H](NC(=O)[C@H](Cc1ccccc1)NC(=O)N1CCc2ccccc2C1=O)B(O)O,active,6.180456064458132
CHEMBL4074327,CC(C)C[C@@H](C=O)NC(=O)c1cc(Cl)ccc1OCc1ccccc1,active,6.0
CHEMBL4105518,O=C[C@H](Cc1ccccc1)NC(=O)c1cc(Cl)ccc1OCc1ccccc1,active,6.0
CHEMBL4087634,CC(C)CC(C=O)NC(=O)[C@H](CC(C)C)NC(=O)c1cc(Cl)ccc1OCc1ccccc1,active,6.0
CHEMBL4103403,CC(C)C[C@H](NC(=O)c1cc(Cl)ccc1OCc1ccccc1)C(=O)N[C@H](C=O)Cc1ccccc1,active,6.0
CHEMBL4084717,CC(C)CC(C=O)NC(=O)[C@H](Cc1ccccc1)NC(=O)c1cc(Cl)ccc1OCc1ccccc1,active,6.0
CHEMBL4076234,O=C[C@H](Cc1ccccc1)NC(=O)[C@H](Cc1ccccc1)NC(=O)c1cc(Cl)ccc1OCc1ccccc1,active,6.0
CHEMBL4087490,CC(C)CC(C=O)NC(=O)[C@H](CC(C)C)NC(=O)[C@H](CC(C)C)NC(=O)c1cc(Cl)ccc1OCc1ccccc1,active,7.00436480540245
CHEMBL4076340,CC(C)C[C@@H](C=O)NC(=O)[C@H](CC(C)C)NC(=O)[C@H](CC(C)C)NC(=O)c1cc(Cl)ccc1OCc1ccccc1,active,7.2441251443275085
CHEMBL4076043,CC(C)C[C@H](NC(=O)c1cc(Cl)ccc1OCc1ccccc1)C(=O)N[C@@H](CC(C)C)C(=O)N[C@@H](C=O)CC(C)C,active,6.739928612014925
CHEMBL4061779,CC(C)C[C@H](NC(=O)c1cc(Cl)ccc1OCc1ccccc1)C(=O)N[C@@H](CC(C)C)C(=O)NC(C=O)Cc1ccccc1,active,6.705533773838407
CHEMBL4102943,CC(C)C[C@@H](C=O)NC(=O)[C@H](Cc1ccccc1)NC(=O)[C@H](CC(C)C)NC(=O)c1cc(Cl)ccc1OCc1ccccc1,active,7.173925197299173
CHEMBL4062305,CC(C)C[C@H](NC(=O)c1cc(Cl)ccc1OCc1ccccc1)C(=O)N[C@@H](Cc1ccccc1)C(=O)N[C@@H](C=O)CC(C)C,active,7.1249387366083
CHEMBL4084020,CC(C)CC(C=O)NC(=O)[C@H](Cc1ccccc1)NC(=O)[C@H](CC(C)C)NC(=O)c1cc(Cl)ccc1OCc1ccccc1,active,7.045757490560675
CHEMBL4105439,CC(C)C[C@H](NC(=O)c1cc(Cl)ccc1OCc1ccccc1)C(=O)N[C@@H](Cc1ccccc1)C(=O)N[C@H](C=O)Cc1ccccc1,active,6.958607314841775
CHEMBL4087567,CC(C)C[C@H](NC(=O)c1cc(Cl)ccc1OCc1ccccc1)C(=O)N[C@@H](Cc1ccccc1)C(=O)NC(C=O)Cc1ccccc1,active,6.774690718274137
CHEMBL4062228,CC(C)C[C@H](NC(=O)c1cc(Cl)ccc1O)C(=O)N[C@H](C=O)Cc1ccccc1,active,6.0
CHEMBL4083955,CC(C)C[C@@H](C=O)NC(=O)[C@H](Cc1ccccc1)NC(=O)[C@H](CC(C)C)NC(=O)c1cc(Cl)ccc1O,active,6.6252516539898965
CHEMBL4070848,CC(C)C[C@H](NC(=O)c1cc(Cl)ccc1O)C(=O)N[C@@H](Cc1ccccc1)C(=O)N[C@H](C=O)Cc1ccccc1,active,6.130768280269024
CHEMBL4101493,CC(C)C[C@H](NC(=O)OCc1ccccc1)C(=O)N[C@@H](Cc1ccc2ccccc2c1)C(=O)N1CCC[C@H]1B(O)O,active,7.7447274948966935
CHEMBL4126890,C=C1CC[C@H]2C(C)(C)[C@H](O)CC[C@]2(C)[C@H]1CC1=C(O)C(=O)C2=C(C1=O)[C@@]13C=C[C@@H](O)[C@H](O)[C@]1(C2)C(=O)c1c(O)cc(C)cc1C3=O,inactive,4.732828271596986
CHEMBL4128448,CC(C)C[C@H](NC(=O)[C@H](Cc1ccccc1)Oc1ccccc1)B(O)O,active,6.899629454882437
CHEMBL4127512,CC(C)C[C@H](NC(=O)[C@H](Cc1ccccc1)Oc1cccc2ccccc12)B(O)O,active,6.560667306169737
CHEMBL4128910,CC(C)C[C@H](NC(=O)[C@H](Cc1ccccc1)Oc1cnccn1)B(O)O,active,6.809668301829708
CHEMBL4128759,CC(C)C[C@H](NC(=O)[C@H](Cc1ccccc1)Nc1ccccc1)B(O)O,active,6.474955192963154
CHEMBL4130122,CC(C)C[C@H](NC(=O)[C@H](Cc1ccccc1)Nc1cccc2ccccc12)B(O)O,active,6.779891911959945
CHEMBL4129976,CC(C)C[C@H](NC(=O)[C@H](Cc1ccccc1)Nc1cnccn1)B(O)O,active,6.716698771296451
CHEMBL4126712,CC(C)C[C@H](NC(=O)[C@H](Cc1ccccc1)OCc1ccccc1)B(O)O,active,7.443697499232712
CHEMBL4126552,CC(C)C[C@H](NC(=O)[C@H](Cc1ccccc1)OCc1cccc2ccccc12)B(O)O,active,6.962573502059376
CHEMBL4127942,CC(C)C[C@H](NC(=O)[C@H](Cc1ccccc1)OCc1cnccn1)B(O)O,active,7.275724130399211
CHEMBL4127259,CC(C)C[C@H](NC(=O)[C@H](Cc1ccccc1)NCc1ccccc1)B(O)O,active,8.013228265733755
CHEMBL4128643,CC(C)C[C@H](NC(=O)[C@H](Cc1ccccc1)NCc1cccc2ccccc12)B(O)O,active,7.036212172654444
CHEMBL4126967,CC(C)C[C@H](NC(=O)[C@H](Cc1ccccc1)NCc1cnccn1)B(O)O,active,7.187086643357144
CHEMBL4129220,CC(C)C[C@H](NC(=O)OCc1ccccc1)C(=O)N[C@@H](CC(C)C)C(=O)N[C@@H](CC(C)C)C(=O)N[C@@H](CCCNC(=N)N)CS(=O)(=O)F,inactive,5.0
CHEMBL4129319,CC(C)C[C@H](NC(=O)[C@H](CC(C)C)NC(=O)[C@H](Cc1ccccc1)NC(=O)OC(C)(C)C)C(=O)N[C@@H](CCCNC(=N)N)CS(=O)(=O)F,inactive,4.555955204081924
CHEMBL4127928,CC(=O)N[C@@H](Cc1ccccc1)C(=O)N[C@@H](CC(C)C)C(=O)N[C@@H](CC(C)C)C(=O)N[C@@H](CCCNC(=N)N)CS(=O)(=O)F,inactive,4.161150909262744
CHEMBL4128074,CC(C)C[C@H](NC(=O)[C@@H](N)Cc1ccccc1)C(=O)N[C@@H](CC(C)C)C(=O)N[C@@H](CCCNC(=N)N)CS(=O)(=O)F,inactive,3.853871964321762
CHEMBL4126693,CC(C)C[C@H](NC(=O)[C@H](Cc1ccccc1)N=[N+]=[N-])C(=O)N[C@@H](CC(C)C)C(=O)N[C@@H](CCCNC(=N)N)CS(=O)(=O)F,inactive,4.4089353929735005
CHEMBL4127967,CC(C)C[C@H](NC(=O)[C@@H](N)Cc1ccccc1)C(=O)N[C@@H](CC(C)C)C(=O)N[C@@H](CCCCN)CS(=O)(=O)F,inactive,4.0
CHEMBL4130108,CC(=O)N[C@@H](Cc1ccccc1)C(=O)N[C@@H](CC(C)C)C(=O)N[C@@H](CC(C)C)C(=O)N[C@@H](CCCCN)CS(=O)(=O)F,inactive,4.0
CHEMBL4130258,CC(C)C[C@H](NC(=O)[C@H](Cc1ccccc1)N=[N+]=[N-])C(=O)N[C@@H](CC(C)C)C(=O)N[C@@H](CCCCN)CS(=O)(=O)F,inactive,4.173925197299173
CHEMBL4128898,CC(C)C[C@H](NC(=O)[C@@H](N)Cc1ccccc1)C(=O)N[C@@H](CC(C)C)C(=O)N[C@@H](Cc1ccc(N)cc1)CS(=O)(=O)F,active,6.022276394711152
CHEMBL4129042,CC(=O)N[C@@H](Cc1ccccc1)C(=O)N[C@@H](CC(C)C)C(=O)N[C@@H](CC(C)C)C(=O)N[C@@H](Cc1ccc(N)cc1)CS(=O)(=O)F,active,6.6777807052660805
CHEMBL4129702,CC(C)C[C@H](NC(=O)[C@@H](N)Cc1ccccc1)C(=O)N[C@@H](CC(C)C)C(=O)N[C@@H](Cc1ccc(CN)cc1)CS(=O)(=O)F,inactive,3.9030899869919438
CHEMBL4126411,CC(=O)N[C@@H](Cc1ccccc1)C(=O)N[C@@H](CC(C)C)C(=O)N[C@@H](CC(C)C)C(=O)N[C@@H](Cc1ccc(CN)cc1)CS(=O)(=O)F,inactive,4.7447274948966935
CHEMBL4167623,C[C@H](NC(=O)[C@H](CC(=O)NCC(C)(C)C)NC(=O)c1ccc(C(=O)NO)cc1)C(=O)NCc1ccccc1,active,6.085921414610888
CHEMBL98,O=C(CCCCCCC(=O)Nc1ccccc1)NO,inactive,4.6020599913279625
CHEMBL2364628,O=C(CCCCCCNC(=O)c1cnc(N(c2ccccc2)c2ccccc2)nc1)NO,inactive,4.6020599913279625
CHEMBL4212401,CCC(=C(c1ccc(OCCN2CCCCCC2)cc1)c1ccc(OCCN2CCCCCC2)cc1)c1cccc(C(=O)NCC(=O)N[C@@H](CCCNC(=N)N)C(=O)N[C@@H](CCCNC(=N)N)C(=O)N[C@@H](CCCNC(=N)N)C(=O)N[C@@H](CCCNC(=N)N)C(=O)N[C@@H](CCCNC(=N)N)C(=O)N[C@@H](CCCNC(=N)N)C(=O)N[C@@H](CCCNC(=N)N)C(=O)N[C@@H](CCCNC(=N)N)C(N)=O)c1,inactive,4.301029995663981
CHEMBL4217338,CCC(=C(c1ccc(OCCN2CCCCCC2)cc1)c1ccc(OCCN2CCCCCC2)cc1)c1cccc(C(=O)NCC(=O)N[C@@H](CCCNC(=N)N)C(=O)N[C@@H](CCCNC(=N)N)C(=O)N[C@@H](CCCNC(=N)N)C(=O)N[C@@H](CCCNC(=N)N)C(=O)N[C@@H](CCCNC(=N)N)C(=O)N[C@@H](CCCNC(=N)N)C(=O)N[C@@H](CCCNC(=N)N)C(=O)N[C@@H](CCCNC(=N)N)C(=O)NC(C)=O)c1,inactive,4.3979400086720375
CHEMBL4206039,CCC(=C(c1ccc(OCCN2CCCCCC2)cc1)c1ccc(OCCN2CCCCCC2)cc1)c1cccc(C(=O)NCC(=O)N[C@@H](CC(C)C)C(=O)N[C@@H](CC(C)C)C(=O)N[C@H](C(=O)N[C@@H](Cc2ccc(O)cc2)C(N)=O)C(C)C)c1,active,6.050609993355087
CHEMBL4205518,CCC(=C(c1ccc(OCCN2CCCCCC2)cc1)c1ccc(OCCN2CCCCCC2)cc1)c1cccc(CNC(=O)CN[C@@H](CC(C)C)C(=O)N[C@@H](CC(C)C)C(=O)N[C@H](C(=O)N[C@@H](Cc2ccc(O)cc2)C(=O)NC(C)=O)C(C)C)c1,active,6.431798275933005
CHEMBL4210397,CCC(=C(c1ccc(OCCN2CCCCCC2)cc1)c1ccc(OCCN2CCCCCC2)cc1)c1cccc(C(=O)NCC(=O)N[C@@H](CC(C)C)C(=O)N[C@@H](CC(C)C)C(=O)N[C@H](C(=O)N[C@@H](Cc2ccc(O)cc2)C(=O)NCC(=O)NCC(N)=O)C(C)C)c1,active,6.050609993355087
CHEMBL455159,COc1cc(/C=C/C(=O)CC(=O)/C=C/c2ccc(OC(=O)[C@@H](N)C(C)C)c(OC)c2)ccc1OC(=O)[C@@H](N)C(C)C,inactive,5.0
CHEMBL4228991,CC(C)C[C@H](NC(=O)[C@H](Cc1ccccc1)NC(=O)N1C/C(=C\c2ccc(F)cc2)C(=O)/C(=C/c2ccc(F)cc2)C1)B(O)O,active,6.078313524516398
CHEMBL4248209,COC[C@H](NC(=O)c1cc(Cl)ccc1Cl)C(=O)N[C@@H](CC(C)C)B1OCCNCCO1,active,8.17134010346468
CHEMBL4238198,CC(C)C[C@H](NC(=O)[C@H](Cc1ccccc1)NC(=O)C1CCCCC1)B(O)O,active,8.492144128304169
CHEMBL4245244,CC(C)C[C@H](NC(=O)[C@H](Cc1ccccc1)NC(=O)C1CCC1)B(O)O,active,8.279014255846262
CHEMBL4249503,CC(C)C[C@H](NC(=O)[C@H](Cc1ccccc1)NC(=O)C1CC1)B(O)O,active,8.05256627811295
CHEMBL4241473,CC(C)CC(=O)N[C@@H](Cc1ccccc1)C(=O)N[C@@H](CC(C)C)B(O)O,active,8.380906669373257
CHEMBL4249022,CCCCCCC(=O)N[C@@H](Cc1ccccc1)C(=O)N[C@@H](CC(C)C)B(O)O,active,8.703334809738468
CHEMBL4246480,CCCCCC(=O)N[C@@H](Cc1ccccc1)C(=O)N[C@@H](CC(C)C)B(O)O,active,8.636388020107855
CHEMBL4246864,CCCCC(=O)N[C@@H](Cc1ccccc1)C(=O)N[C@@H](CC(C)C)B(O)O,active,8.452225294612177
CHEMBL4242666,CCC(=O)N[C@@H](Cc1ccccc1)C(=O)N[C@@H](CC(C)C)B(O)O,active,8.090979145788843
CHEMBL4246922,CC(C)C[C@H](NC(=O)CNC(=O)CC(C)(C)C)B(O)O,active,7.5720272863917915
CHEMBL4238931,CC(C)CC(=O)NCC(=O)N[C@@H](CC(C)C)B(O)O,active,7.689519108537325
CHEMBL4243132,CCCCCC(=O)NCC(=O)N[C@@H](CC(C)C)B(O)O,active,7.556737012541305
CHEMBL4249453,CCCCC(=O)NCC(=O)N[C@@H](CC(C)C)B(O)O,active,7.51173138450454
CHEMBL4239365,CCCC(=O)NCC(=O)N[C@@H](CC(C)C)B(O)O,active,7.368657713516067
CHEMBL4245648,CCC(=O)NCC(=O)N[C@@H](CC(C)C)B(O)O,active,6.226432951073941
CHEMBL4249917,CC(C)C[C@H](NC(=O)CNC(=O)C1CCCCC1)B(O)O,active,7.889747082646597
CHEMBL4248689,CC(C)C[C@H](NC(=O)CNC(=O)C1CCCC1)B(O)O,active,7.674279141980588
CHEMBL4244424,CC(C)C[C@H](NC(=O)CNC(=O)C1CC1)B(O)O,active,6.412289034981089
CHEMBL4238378,CC(C)C[C@H](NC(=O)CNC(=O)c1cccc2c1CCCC2)B(O)O,active,8.229884705212898
CHEMBL1813227,CC(C)C[C@H](NC(=O)CNC(=O)c1cnccn1)B(O)O,active,6.517412230473233
CHEMBL4243375,COC[C@H](NC(=O)c1cc(Cl)ccc1Cl)C(=O)N[C@@H](CC(C)C)B(O)O,active,8.085656842880558
CHEMBL4251272,COC[C@H](NC(=O)c1cccc2c1CCCC2)C(=O)N[C@@H](CC(C)C)B(O)O,active,8.31695296176115
CHEMBL4250217,COC[C@H](NC(=O)c1cnccn1)C(=O)N[C@@H](CC(C)C)B(O)O,active,7.1257501772215965
CHEMBL1813256,CC(C)C[C@H](NC(=O)CNC(=O)c1cc(Cl)ccc1Cl)B1OC(=O)CC(CC(=O)O)(C(=O)O)O1,active,8.073657553374344
CHEMBL4277652,C[C@H](NC(=O)[C@H](Cc1ccc(OCc2ccccc2)cc1)NC(=O)OC(C)(C)C)C(=O)N[C@@H](C[C@]1(O)C(=O)Nc2ccccc21)C(=O)NCc1ccc(-c2ccccc2)cc1,inactive,4.542118103266008
CHEMBL4288293,CC(C)c1ccc(CNC(=O)[C@H](C[C@]2(O)C(=O)Nc3ccccc32)NC(=O)[C@H](C)NC(=O)[C@H](Cc2ccc(OCc3ccccc3)cc2)NC(=O)OC(C)(C)C)cc1,inactive,5.0
CHEMBL4281070,COC(=O)CCNC(=O)[C@H](C[C@]1(O)C(=O)Nc2ccccc21)NC(=O)[C@H](C)NC(=O)[C@H](Cc1ccc(OCc2ccccc2)cc1)NC(=O)OC(C)(C)C,inactive,4.1938200260161125
CHEMBL4286888,C[C@H](NC(=O)[C@H](Cc1ccc(OCc2ccccc2)cc1)NC(=O)OC(C)(C)C)C(=O)N[C@@H](C[C@]1(O)C(=O)Nc2ccccc21)C(=O)NCC(C)(C)C,inactive,4.94692155651658
CHEMBL4294116,CC(O)[C@@H](NC(=O)[C@H](Cc1ccc(OCc2ccccc2)cc1)NC(=O)OC(C)(C)C)C(=O)N[C@@H](C[C@]1(O)C(=O)Nc2ccccc21)C(=O)NCc1ccccc1,active,6.903089986991944
CHEMBL4283534,CC(C)(C)OC(=O)NCCCC[C@H](NC(=O)[C@H](Cc1ccc(OCc2ccccc2)cc1)NC(=O)OC(C)(C)C)C(=O)N[C@@H](C[C@]1(O)C(=O)Nc2ccccc21)C(=O)NCc1ccccc1,inactive,4.657577319177793
CHEMBL4283793,NC(=O)C[C@H](NC(=O)OCc1ccccc1)C(=O)N[C@@H](C[C@]1(O)C(=O)Nc2ccccc21)C(=O)NCc1ccccc1,active,6.443697499232712
CHEMBL4294367,CC(O)[C@@H](NC(=O)OCc1ccccc1)C(=O)N[C@@H](C[C@]1(O)C(=O)Nc2ccccc21)C(=O)NCc1ccccc1,active,6.055517327849832
CHEMBL4280336,C[C@H](NC(=O)Cc1cccc(Oc2ccccc2)c1)C(=O)N[C@@H](C[C@]1(O)C(=O)Nc2ccccc21)C(=O)NCc1ccccc1,active,6.455931955649724
CHEMBL4290977,C[C@H](NC(=O)c1ccc(OCc2ccccc2)cc1)C(=O)N[C@@H](C[C@]1(O)C(=O)Nc2ccccc21)C(=O)NCc1ccccc1,active,6.94692155651658
CHEMBL4290574,CC(O)[C@@H](NC(=O)c1ccc(OCc2ccccc2)cc1)C(=O)N[C@@H](C[C@]1(O)C(=O)Nc2ccccc21)C(=O)NCc1ccccc1,active,8.148741651280925
CHEMBL4293877,CC[C@H](C)[C@@H]1C(=O)O[C@H]1C(=O)N[C@H](C(=O)N[C@H](C(=O)OCc1ccccc1)C(C)C)C(C)C,active,8.154901959985743
CHEMBL4285979,C=CCOC(=O)[C@@H](NC(=O)[C@@H](NC(=O)[C@@H]1OC(=O)[C@H]1[C@@H](C)CC)C(C)C)C(C)C,active,8.0268721464003
CHEMBL4278729,CC[C@H](C)[C@@H]1C(=O)O[C@H]1C(=O)N[C@H](C(=O)N[C@H](C(=O)OCc1ccc(Cl)cc1)C(C)C)C(C)C,active,8.086186147616283
CHEMBL4289394,CC[C@H](C)[C@@H]1C(=O)O[C@H]1C(=O)N[C@H](C(=O)N[C@H](C(=O)OCC1CCCCC1)C(C)C)C(C)C,active,7.7281583934635005
CHEMBL4282198,CC[C@H](C)[C@@H]1C(=O)O[C@H]1C(=O)N[C@H](C(=O)N[C@H](C(=O)OCC(C)C)C(C)C)C(C)C,active,8.05551732784983
CHEMBL4292798,CC[C@H](C)[C@@H]1C(=O)O[C@H]1C(=O)N[C@H](C(=O)N[C@H](C(=O)NCc1ccccc1)C(C)C)C(C)C,active,8.443697499232712
CHEMBL4276815,CC[C@H](C)[C@@H]1C(=O)O[C@H]1C(=O)N[C@H](C(=O)N[C@H](C(=O)OCc1ccc(OC)cc1)C(C)C)C(C)C,active,7.991399828238082
CHEMBL4287467,C=CCCOC(=O)[C@@H](NC(=O)[C@@H](NC(=O)[C@@H]1OC(=O)[C@H]1[C@@H](C)CC)C(C)C)C(C)C,active,8.18045606445813
CHEMBL4292745,CC[C@H](C)[C@@H]1C(=O)O[C@H]1C(=O)N[C@H](C(=O)N[C@H](C(=O)OC)C(C)C)C(C)C,active,7.798602875679548
CHEMBL4282765,CC(C)[C@H](NC(=O)[C@@H](NC(=O)[C@@H]1OC(=O)[C@H]1C(C)C)C(C)C)C(=O)O,active,6.045757490560675
CHEMBL4286462,CC(C)[C@H](NC(=O)[C@@H]1OC(=O)[C@H]1C1CC1)C(=O)N[C@H](C(=O)OCc1ccccc1)C(C)C,active,8.119186407719209
CHEMBL4288920,CC(C)[C@H](NC(=O)[C@@H]1OC(=O)[C@H]1C1CCC1)C(=O)N[C@H](C(=O)OCc1ccccc1)C(C)C,active,7.87942606879415
CHEMBL4280675,CC(C)[C@H](NC(=O)[C@@H]1OC(=O)[C@H]1C1CCCC1)C(=O)N[C@H](C(=O)OCc1ccccc1)C(C)C,active,7.889410289700751
CHEMBL4294463,CC(C)C[C@@H]1C(=O)O[C@H]1C(=O)N[C@H](C(=O)N[C@H](C(=O)OCc1ccccc1)C(C)C)C(C)C,active,7.705533773838407
CHEMBL4282642,CC[C@H](C)[C@@H]1C(=O)O[C@H]1C(=O)NCC(=O)N[C@H](C(=O)OCc1ccccc1)C(C)C,active,8.568636235841012
CHEMBL4281941,CC[C@H](C)[C@@H]1C(=O)O[C@H]1C(=O)N[C@@H](Cc1ccccc1)C(=O)N[C@H](C(=O)OCc1ccccc1)C(C)C,active,8.10790539730952
CHEMBL4282369,CC[C@H](C)[C@@H]1C(=O)O[C@H]1C(=O)N[C@H](C(=O)N[C@@H](Cc1ccccc1)C(=O)OCc1ccccc1)C(C)C,active,8.244125144327509
CHEMBL4280626,CC[C@H](C)[C@@H]1C(=O)O[C@H]1C(=O)N[C@@H](Cc1ccccc1)C(=O)N[C@@H](Cc1ccccc1)C(=O)OCc1ccccc1,active,7.935542010773082
CHEMBL4278670,CC[C@H](C)[C@@H]1C(=O)O[C@H]1C(=O)N[C@H](C(=O)N[C@H](C(=O)OCc1ccccc1)C(C)C)C(C)(C)C,active,7.642065152999546
CHEMBL4283227,CC[C@H](C)[C@@H]1C(=O)O[C@H]1C(=O)N[C@H](C(=O)N[C@H](C(=O)OCc1ccccc1)C(C)(C)C)C(C)C,active,8.008773924307505
CHEMBL4293806,CC[C@H](C)[C@@H]1C(=O)O[C@H]1C(=O)N[C@H](C(=O)N[C@H](C(=O)OCc1ccccc1)C(C)(C)C)C(C)(C)C,active,7.444905551421681
CHEMBL4293394,CC[C@H](C)[C@@H]1C(=O)O[C@H]1C(=O)N[C@@H](CC(C)C)C(=O)N[C@H](C(=O)OCc1ccccc1)C(C)C,active,8.301029995663981
CHEMBL4292698,CC[C@H](C)[C@@H]1C(=O)O[C@H]1C(=O)N[C@H](C(=O)N[C@@H](CC(C)C)C(=O)OCc1ccccc1)C(C)C,active,8.113509274827518
CHEMBL4282576,CC[C@H](C)[C@@H]1C(=O)O[C@H]1C(=O)N[C@@H](COCc1ccccc1)C(=O)N[C@H](C(=O)OCc1ccccc1)C(C)C,active,8.113509274827518
CHEMBL4290778,CC[C@H](C)[C@@H]1C(=O)O[C@H]1C(=O)N[C@H](C(=O)N[C@@H](COCc1ccccc1)C(=O)OCc1ccccc1)C(C)C,active,8.508638306165727
CHEMBL4092241,C1=C2CN3CCCC/C=C\CC[C@@H]4CN(CCCC/C=C\CC[C@H]1C3)CC[C@@H]24,active,6.376750709602099
CHEMBL4540394,CC(C)C[C@H](NC(=O)[C@H](Cc1ccccc1)NC(=O)OCc1ccccc1)C(=O)N[C@H](C=O)Cc1ccccc1,active,6.289036881004725
CHEMBL4590466,CC(C)C[C@@H](C=O)NC(=O)[C@H](CC(C)C)NC(=O)[C@H](Cc1ccccc1)NC(=O)OCc1ccccc1,active,6.856985199745905
CHEMBL4574306,C#CCOc1ccc(C[C@@H](C=O)NC(=O)[C@H](CC(C)C)NC(=O)[C@H](Cc2ccccc2)NC(=O)OCc2ccccc2)cc1,active,6.723538195826756
CHEMBL4531762,CC(C)C[C@@H](C=O)NC(=O)[C@H](CO)NC(=O)[C@H](CC(C)C)NC(=O)OCc1ccccc1,active,6.570247719997592
CHEMBL4475662,CC(C)C[C@H](NC(=O)OCc1ccccc1)C(=O)N[C@@H](CC(C)C)C(=O)N[C@@H](CC(C)C)C(=O)[C@@]1(C)CO1,active,6.657577319177793
CHEMBL2346855,CCCc1ccc(OCC(=O)N(Cc2nc(-c3cccnc3)no2)C(C)C)cc1,active,7.036212172654444
CHEMBL4470392,CC(C)N(CC(=O)Nc1ccnnc1)C(=O)COc1ccc(CCO)cc1,active,6.014124642691606
CHEMBL4453883,CC(C)N(CC(=O)Nc1ccnnc1)C(=O)COc1ccc(Br)cc1,active,6.392544976785332
CHEMBL4450828,CC(C)N(CC(=O)Nc1ccccc1)C(=O)COc1ccc(C(F)(F)F)cc1,active,6.021363051615525
CHEMBL4520975,CCOc1ccc(OCC(=O)N(CC(=O)Nc2ccnnc2)C(C)C)cc1,active,6.586700235918748
CHEMBL4459620,COc1ccc(OCC(=O)N(CC(=O)Nc2ccnnc2)C(C)C)cc1,active,6.2373214362725635
CHEMBL4522804,CCCCCc1ccc(OCC(=O)N(CC(=O)Nc2ccnnc2)C(C)C)cc1,active,7.1938200260161125
CHEMBL4575392,CC(C)Cc1ccc(OCC(=O)N(CC(=O)Nc2ccnnc2)C(C)C)cc1,active,6.928117992693875
CHEMBL4587043,CCCCc1ccc(OCC(=O)N(CC(=O)Nc2ccnnc2)C(C)C)cc1,active,7.309803919971486
CHEMBL4451594,CCc1ccc(OCC(=O)N(CC(=O)Nc2ccnnc2)C(C)C)cc1,active,6.614393726401688
CHEMBL4444566,Cc1ccc(OCC(=O)N(CC(=O)Nc2ccnnc2)C(C)C)cc1,active,6.317854923626168
CHEMBL4553043,CCCc1ccc(OCC(=O)N(CC(=O)Nc2ccc(C#N)cc2)C(C)C)cc1,active,6.442492798094342
CHEMBL4441072,CCCc1ccc(OCC(=O)N(CC(=O)Nc2ccc(S(C)(=O)=O)cc2)C(C)C)cc1,active,6.638272163982407
CHEMBL4455507,CCCc1ccc(OCC(=O)N(CC(=O)Nc2ccc(C(F)(F)F)cc2)C(C)C)cc1,active,6.035269078946371
CHEMBL4440462,CCCc1ccc(OCC(=O)N(CC(=O)Nc2ccc(OC)cc2)C(C)C)cc1,active,6.021363051615525
CHEMBL4522343,CCCc1ccc(OCC(=O)N(CC(=O)Nc2ccccc2OC)C(C)C)cc1,inactive,5.0
CHEMBL4471047,CCCc1ccc(OCC(=O)N(CC(=O)Nc2ccnnc2)C(C)C)cc1,active,7.050609993355087
CHEMBL4447781,CCCc1ccc(OCC(=O)N(CC(=O)Nc2cnccn2)C(C)C)cc1,active,6.403402904373539
CHEMBL4482928,CCCc1ccc(OCC(=O)N(CC(=O)Nc2cncnc2)C(C)C)cc1,active,6.552841968657781
CHEMBL4524703,CCCc1ccc(OCC(=O)N(CC(=O)Nc2ccncc2)C(C)C)cc1,active,7.0
CHEMBL4460049,CCCc1ccc(OCC(=O)N(CC(=O)Nc2ccccn2)C(C)C)cc1,active,6.077793722560983
CHEMBL4444494,C#Cc1cccc(C(=O)NCCNC(=O)[C@H](CC(=O)NC(C)(C)C)NS(=O)(=O)c2ccc(C)cc2)c1,active,6.366531544420414
CHEMBL4532885,Cc1ccc(S(=O)(=O)N[C@@H](CC(=O)NC(C)(C)C)C(=O)NCCNC(=O)c2cccc(C(F)(F)F)c2)cc1,inactive,4.43074316667139
CHEMBL4466632,Cc1ccc(S(=O)(=O)N[C@@H](CC(=O)NC(C)(C)C)C(=O)NCCNC(=O)c2cccc(C#N)c2)cc1,inactive,4.395881993807965
CHEMBL4475733,Cc1ccc(S(=O)(=O)N[C@@H](CC(=O)NC(C)(C)C)C(=O)NCCNC(=O)c2ccccn2)cc1,inactive,4.5320960534772
CHEMBL4536963,Cc1ccc(S(=O)(=O)N[C@@H](CC(=O)NC(C)(C)C)C(=O)NCCNC(=O)c2cc(Cl)ccn2)cc1,inactive,4.0
CHEMBL4447046,Cc1ccc(S(=O)(=O)N[C@@H](CC(=O)NC(C)(C)C)C(=O)NCCNC(=O)c2cc(C)ccn2)cc1,inactive,4.0
CHEMBL4567620,Cc1ccc(S(=O)(=O)N[C@@H](CC(=O)NC(C)(C)C)C(=O)NCCNC(=O)c2c(O)cccc2F)cc1,active,6.267606240177032
CHEMBL4563110,Cc1ccc(S(=O)(=O)N[C@@H](CC(=O)NC(C)(C)C)C(=O)NCCNC(=O)Nc2ccccc2)cc1,inactive,4.0
CHEMBL4548705,Cc1cc(S(=O)(=O)N[C@@H](CC(=O)NC(C)(C)C)C(=O)NCCNC(=O)c2ccccc2F)no1,inactive,4.4089353929735005
CHEMBL4521524,Cc1ccc(S(=O)(=O)N[C@@H](CC(=O)NC(C)(C)C)C(=O)NCCNC(=O)c2cc(-c3ccccc3F)ccc2F)cc1,active,6.958607314841775
CHEMBL4577554,Cc1ccc(S(=O)(=O)N[C@@H](CC(=O)NC(C)(C)C)C(=O)NCCNC(=O)c2cc(C)ccc2F)cc1,inactive,4.919734372660155
CHEMBL4461840,COc1cccc(C(=O)NCCNC(=O)[C@H](CC(=O)NC(C)(C)C)NS(=O)(=O)c2ccc(C)cc2)c1,active,6.295849483160201
CHEMBL4471926,Cc1ccc(S(=O)(=O)N[C@@H](CC(=O)NC(C)(C)C)C(=O)NCCNC(=O)NCc2ccccc2)cc1,inactive,4.33161408331
CHEMBL4589303,Cc1ccc(S(=O)(=O)N[C@@H](CC(=O)NC(C)(C)C)C(=O)NCCNS(=O)(=O)c2ccccc2)cc1,inactive,4.0
CHEMBL4555610,Cc1ccc(S(=O)(=O)N[C@@H](CC(=O)NC(C)(C)C)C(=O)NCCNC(=O)c2ccccc2Cl)cc1,inactive,4.584192272364457
CHEMBL4538027,Cc1ccc(S(=O)(=O)N[C@@H](CC(=O)NC(C)(C)C)C(=O)NCCNC(=O)c2ccccc2O)cc1,active,6.388276691992658
CHEMBL4470048,COc1cc(OC)cc(C(=O)NCCNC(=O)[C@H](CC(=O)NC(C)(C)C)NS(=O)(=O)c2ccc(C)cc2)c1,inactive,4.0
CHEMBL4573901,Cc1ccc(S(=O)(=O)N[C@@H](CC(=O)NC(C)(C)C)C(=O)NCCNC(=O)c2cc(Cl)ccc2Cl)cc1,inactive,4.0
CHEMBL4444471,CSC[C@H](NC(=O)c1cc(Cl)ccc1Cl)C(=O)N[C@@H](CC(C)C)B1OCCNCCO1,active,8.337242168318426
CHEMBL4592602,CC(C)C[C@H](NC(=O)c1cnccn1)C(=O)N[C@@H](CC(C)C)C(=O)N[C@H](/C=C/S(C)(=O)=O)Cc1ccc(CN)cc1,inactive,4.0
CHEMBL4590398,CC(C)C[C@H](NC(=O)[C@H](Cc1ccccc1)N=[N+]=[N-])C(=O)N[C@H](C(=O)N[C@H](/C=C/S(C)(=O)=O)Cc1ccc(CN)cc1)[C@@H](C)O,active,6.1249387366083
CHEMBL4545073,COC[C@H](NC(=O)[C@H](CC(C)C)NC(=O)c1cnc(C)s1)C(=O)N[C@H](/C=C/S(C)(=O)=O)Cc1ccc(CN)cc1,inactive,4.343901797987168
CHEMBL4450505,Cc1ncc(C(=O)N[C@@H](CC2CCCCC2)C(=O)N[C@@H](CC(C)C)C(=O)N[C@H](/C=C/S(C)(=O)=O)Cc2ccc(CN)cc2)s1,inactive,4.0
CHEMBL4442929,COC1CCC(C[C@H](NC(=O)c2cnc(C)s2)C(=O)N[C@@H](CC(C)C)C(=O)N[C@H](/C=C/S(C)(=O)=O)Cc2ccc(CN)cc2)CC1,inactive,4.0
CHEMBL4446214,COc1ccc(C[C@H](NC(=O)[C@H](C)NC(=O)CN2CCOCC2)C(=O)N[C@@H](CC2CCCC3CCCCC32)C(=O)[C@@]2(C)CO2)cc1,inactive,4.0
CHEMBL4513509,COc1ccc(C[C@H](NC(=O)[C@H](C)NC(=O)CN2CCOCC2)C(=O)N[C@@H](C[C@@H]2CCC[C@H]3CCCC[C@@H]23)C(=O)[C@@]2(C)CO2)cc1,inactive,4.0
CHEMBL4452605,COc1ccc(C[C@H](NC(=O)[C@H](C)NC(=O)CN2CCOCC2)C(=O)N[C@@H](C[C@H]2CCCc3ccccc32)C(=O)[C@@]2(C)CO2)cc1,inactive,4.0
CHEMBL4518685,COc1ccc(C[C@H](NC(=O)[C@H](C)NC(=O)CN2CCOCC2)C(=O)N[C@@H](C[C@@H]2CCCc3ccccc32)C(=O)[C@@]2(C)CO2)cc1,inactive,4.0
CHEMBL4550552,COc1ccc(C[C@H](NC(=O)[C@H](C)NC(=O)CN2CCOCC2)C(=O)N[C@@H](C[C@H]2CCCC3CCCCC32)C(=O)[C@@]2(C)CO2)cc1,inactive,4.0
CHEMBL4544868,COc1ccc(C[C@H](NC(=O)[C@H](C)NC(=O)CN2CCOCC2)C(=O)N[C@@H](C[C@@H]2CCCC3CCCCC32)C(=O)[C@@]2(C)CO2)cc1,inactive,4.0
CHEMBL4443899,COc1ccc(C[C@H](NC(=O)[C@H](C)NC(=O)CN2CCOCC2)C(=O)N[C@@H](C[C@H]2CCC[C@@H]3CCCC[C@@H]32)C(=O)[C@@]2(C)CO2)cc1,inactive,4.0
CHEMBL4565982,COC[C@@H]1NC(=O)c2ccccc2OCCCCOC[C@@H](C(=O)N[C@@H](Cc2ccccc2)C(=O)[C@@]2(C)CO2)NC1=O,active,7.443697499232712
CHEMBL4585963,COC[C@@H]1NC(=O)c2ccccc2OCCCCCOC[C@@H](C(=O)N[C@@H](Cc2ccccc2)C(=O)[C@@]2(C)CO2)NC1=O,active,7.6777807052660805
CHEMBL4449200,COC[C@@H]1NC(=O)c2ccccc2OCCCCCCOC[C@@H](C(=O)N[C@@H](Cc2ccccc2)C(=O)[C@@]2(C)CO2)NC1=O,active,7.267606240177032
CHEMBL4560321,COC[C@@H]1NC(=O)c2ccccc2OCCCCCCCOC[C@@H](C(=O)N[C@@H](Cc2ccccc2)C(=O)[C@@]2(C)CO2)NC1=O,active,7.200659450546418
CHEMBL4592762,COC[C@@H]1NC(=O)c2ccccc2OCCCCCCCCOC[C@@H](C(=O)N[C@@H](Cc2ccccc2)C(=O)[C@@]2(C)CO2)NC1=O,active,6.460923901207224
CHEMBL4458777,COC[C@@H]1NC(=O)c2ccccc2OCCCCCCCCCOC[C@@H](C(=O)N[C@@H](Cc2ccccc2)C(=O)[C@@]2(C)CO2)NC1=O,active,6.337242168318426
CHEMBL4546156,COC[C@@H]1NC(=O)c2cccc(F)c2OCCCCCCOC[C@@H](C(=O)N[C@@H](Cc2ccccc2)C(=O)[C@@]2(C)CO2)NC1=O,active,7.6020599913279625
CHEMBL4580102,COC[C@@H]1NC(=O)c2cccc(OC)c2OCCCCCCOC[C@@H](C(=O)N[C@@H](Cc2ccccc2)C(=O)[C@@]2(C)CO2)NC1=O,active,8.397940008672037
CHEMBL4591075,COC[C@@H]1NC(=O)c2ccc(F)cc2OCCCCCCOC[C@@H](C(=O)N[C@@H](Cc2ccccc2)C(=O)[C@@]2(C)CO2)NC1=O,active,6.688246138944246
CHEMBL4440926,COC[C@@H]1NC(=O)c2ccc(OC)cc2OCCCCCCOC[C@@H](C(=O)N[C@@H](Cc2ccccc2)C(=O)[C@@]2(C)CO2)NC1=O,active,6.5968794788241825
CHEMBL4530484,COC[C@@H]1NC(=O)c2ccc(C)cc2OCCCCCCOC[C@@H](C(=O)N[C@@H](Cc2ccccc2)C(=O)[C@@]2(C)CO2)NC1=O,active,6.790484985457369
CHEMBL4464002,COC[C@@H]1NC(=O)c2ccc(Cl)cc2OCCCCCCOC[C@@H](C(=O)N[C@@H](Cc2ccccc2)C(=O)[C@@]2(C)CO2)NC1=O,active,7.0
CHEMBL4461405,COC[C@@H]1NC(=O)c2cc(Cl)ccc2OCCCCCCOC[C@@H](C(=O)N[C@@H](Cc2ccccc2)C(=O)[C@@]2(C)CO2)NC1=O,active,6.360513510731414
CHEMBL4444275,COC[C@@H]1NC(=O)c2ncccc2OCCCCCCOC[C@@H](C(=O)N[C@@H](Cc2ccccc2)C(=O)[C@@]2(C)CO2)NC1=O,active,6.605548319173784
CHEMBL4465844,COC[C@@H]1NC(=O)c2cccc(c2)OCCCCCCCCOC[C@@H](C(=O)N[C@@H](Cc2ccccc2)C(=O)[C@@]2(C)CO2)NC1=O,active,7.292429823902063
CHEMBL4559176,COC[C@@H]1NC(=O)c2cnn(C)c2OCCCCCCOC[C@@H](C(=O)N[C@@H](Cc2ccccc2)C(=O)[C@@]2(C)CO2)NC1=O,active,7.494850021680094
CHEMBL4447069,COC[C@@H]1NC(=O)c2cccnc2OCCCCCCOC[C@@H](C(=O)N[C@@H](Cc2ccccc2)C(=O)[C@@]2(C)CO2)NC1=O,active,6.634512015109101
CHEMBL4536377,COC[C@@H]1NC(=O)c2sccc2OCCCCCCOC[C@@H](C(=O)N[C@@H](Cc2ccccc2)C(=O)[C@@]2(C)CO2)NC1=O,active,6.590066876668706
CHEMBL4449881,COC[C@@H]1NC(=O)c2sc(C)nc2OCCCCCCOC[C@@H](C(=O)N[C@@H](Cc2ccccc2)C(=O)[C@@]2(C)CO2)NC1=O,active,6.406713932979542
CHEMBL4466983,COC[C@@H]1NC(=O)[C@@H]2CCCN2C(=O)CCCCCOC[C@@H](C(=O)N[C@@H](Cc2ccccc2)C(=O)[C@@]2(C)CO2)NC1=O,active,6.453457336521869
CHEMBL4448256,COC[C@@H]1NC(=O)c2cccn2CCCCCCOC[C@@H](C(=O)N[C@@H](Cc2ccccc2)C(=O)[C@@]2(C)CO2)NC1=O,active,7.853871964321762
CHEMBL4434719,COC[C@@H]1NC(=O)c2nccn2CCCCCCOC[C@@H](C(=O)N[C@@H](Cc2ccccc2)C(=O)[C@@]2(C)CO2)NC1=O,active,7.853871964321762
CHEMBL4434736,COC[C@@H]1NC(=O)c2nccn2CCCCCCCOC[C@@H](C(=O)N[C@@H](Cc2ccccc2)C(=O)[C@@]2(C)CO2)NC1=O,active,7.431798275933005
CHEMBL4471209,COC[C@@H]1NC(=O)c2ccnn2CCCCCCOC[C@@H](C(=O)N[C@@H](Cc2ccccc2)C(=O)[C@@]2(C)CO2)NC1=O,active,7.795880017344075
CHEMBL4541096,COC[C@@H]1NC(=O)c2ccnn2CCCCCCCOC[C@@H](C(=O)N[C@@H](Cc2ccccc2)C(=O)[C@@]2(C)CO2)NC1=O,active,7.6020599913279625
CHEMBL4469081,COC[C@@H]1NC(=O)c2cnn(C)c2CCCCCCOC[C@@H](C(=O)N[C@@H](Cc2ccccc2)C(=O)[C@@]2(C)CO2)NC1=O,active,7.698970004336019
CHEMBL4472844,COC[C@@H]1NC(=O)c2ccccc2OCCCCCCC[C@@H](C(=O)N[C@@H](Cc2ccccc2)C(=O)[C@@]2(C)CO2)NC1=O,active,7.853871964321762
CHEMBL4536022,COC[C@@H]1NC(=O)c2ccccc2OCCCCCCCC[C@@H](C(=O)N[C@@H](Cc2ccccc2)C(=O)[C@@]2(C)CO2)NC1=O,active,7.455931955649724
CHEMBL4453760,COC[C@@H]1NC(=O)c2ccccc2OCCOCCOC[C@@H](C(=O)N[C@@H](Cc2ccccc2)C(=O)[C@@]2(C)CO2)NC1=O,active,6.935542010773082
CHEMBL4536411,COC[C@@H]1NC(=O)c2ccccc2OCCOCCOCCOC[C@@H](C(=O)N[C@@H](Cc2ccccc2)C(=O)[C@@]2(C)CO2)NC1=O,active,6.431798275933005
CHEMBL4522493,CC(C)C[C@H](NC(=O)[C@H](Cc1ccc(O)cc1)NC(=O)[C@@H]1CCCN1C(=O)[C@@H]1CCCN1C(=O)[C@H](CCCNC(=N)N)NC(=O)[C@@H]1CCCN1C(=O)[C@H](CCCNC(=N)N)NC(=O)[C@H](CCCNC(=N)N)NC(=O)[C@@H](N)CCCNC(=N)N)C(=O)N1CCC[C@H]1C(=O)N[C@@H](CCCNC(=N)N)C(=O)N[C@@H](Cc1c[nH]c2ccccc12)C(=O)NCC(=O)O,active,6.301029995663981
CHEMBL4445118,CC(C)C[C@H](NC(=O)[C@H](Cc1ccc(O)cc1)NC(=O)[C@H](CCCNC(=N)N)NC(=O)[C@H](CCCNC(=N)N)NC(=O)[C@@H](N)CCCNC(=N)N)C(=O)N1CCC[C@H]1C(=O)N[C@@H](CCCNC(=N)N)C(=O)N[C@@H](Cc1ccc(O)cc1)C(=O)N[C@@H](C)C(N)=O,active,6.812479279163537
CHEMBL4573624,N=C(N)NCCC[C@H](N)C(=O)N[C@@H](CCCNC(=N)N)C(=O)N[C@@H](CCCNC(=N)N)C(=O)N[C@@H](Cc1ccc(O)cc1)C(=O)N1CCC[C@H]1C(=O)N[C@@H](CCCNC(=N)N)C(=O)N[C@@H](Cc1c[nH]c2ccccc12)C(=O)NCC(=O)O,active,6.779891911959945
CHEMBL4471574,CC(C)C[C@H](NC(=O)[C@H](Cc1ccc(O)cc1)NC(=O)[C@@H]1CCCN1C(=O)[C@@H]1CCCN1C(=O)[C@H](CCCNC(=N)N)NC(=O)[C@@H]1CCCN1C(=O)[C@H](CCCNC(=N)N)NC(=O)[C@H](CCCNC(=N)N)NC(=O)[C@@H](N)CCCNC(=N)N)C(=O)N1CCC[C@H]1C(=O)N[C@@H](CCCNC(=N)N)C(=O)N[C@@H](Cc1c[nH]c2ccccc12)C(=O)NCC(N)=O,active,6.94692155651658
CHEMBL4452589,CC(C)C[C@H](NC(=O)[C@H](Cc1ccc(O)cc1)NC(=O)[C@@H]1CCCN1C(=O)[C@@H]1CCCN1C(=O)[C@H](CCCNC(=N)N)NC(=O)[C@@H]1CCCN1C(=O)[C@H](CCCNC(=N)N)NC(=O)[C@H](CCCNC(=N)N)NC(=O)[C@@H](N)CCCNC(=N)N)C(=O)N1CCC[C@H]1C(=O)N[C@@H](CCCNC(=N)N)C(=O)N[C@@H](Cc1ccccc1)C(=O)NCC(=O)O,active,7.00436480540245
CHEMBL4473076,CC(C)C[C@H](NC(=O)[C@H](Cc1ccc(O)cc1)NC(=O)[C@H](CCCNC(=N)N)NC(=O)[C@H](CCCNC(=N)N)NC(=O)[C@@H](N)CCCNC(=N)N)C(=O)N1CCC[C@H]1C(=O)N[C@@H](CCCNC(=N)N)C(=O)N[C@@H](Cc1c[nH]c2ccccc12)C(=O)NCC(N)=O,active,7.086186147616283
CHEMBL4443693,CC(C)C[C@H](NC(=O)[C@H](Cc1ccc(O)cc1)NC(=O)[C@H](CCCNC(=N)N)NC(=O)[C@H](CCCNC(=N)N)NC(=O)[C@@H](N)CCCNC(=N)N)C(=O)N1CCC[C@H]1C(=O)N[C@@H](CCCNC(=N)N)C(=O)N[C@@H](Cc1c[nH]c2ccccc12)C(=O)NCC(=O)O,active,6.954677021213342
CHEMBL3319605,CCCCCCC(=O)N[C@@H](C)C(=O)N[C@@H](CC(C)C)C(=O)[C@@]1(CO[Si](C)(C)C(C)(C)C)CO1,inactive,5.0
CHEMBL4532449,CC(C)C[C@H](NC(=O)[C@H](CCc1ccccc1)NC(=O)CN1CCOCC1)C(=O)N[C@@H](Cc1ccccc1)C(=O)N[C@@H](CC(C)C)C(=O)[C@@]1(CO[Si](c2ccccc2)(c2ccccc2)C(C)(C)C)CO1,active,6.95233580539844
CHEMBL4538766,COC[C@]1(C(=O)[C@H](CC(C)C)NC(=O)[C@H](Cc2ccccc2)NC(=O)[C@H](CC(C)C)NC(=O)[C@H](CCc2ccccc2)NC(=O)CN2CCOCC2)CO1,active,6.0
CHEMBL4451741,CC(C)C[C@H](NC(=O)[C@H](CCc1ccccc1)NC(=O)CN1CCOCC1)C(=O)N[C@@H](Cc1ccccc1)C(=O)N[C@@H](CC(C)C)C(=O)[C@@]1(CO)CO1,active,8.67778070526608
CHEMBL4529201,COCOC[C@]1(C(=O)[C@H](CC(C)C)NC(=O)[C@H](Cc2ccccc2)NC(=O)[C@H](CC(C)C)NC(=O)[C@H](CCc2ccccc2)NC(=O)CN2CCOCC2)CO1,active,6.0
CHEMBL4444547,COCCOCOC[C@]1(C(=O)[C@H](CC(C)C)NC(=O)[C@H](Cc2ccccc2)NC(=O)[C@H](CC(C)C)NC(=O)[C@H](CCc2ccccc2)NC(=O)CN2CCOCC2)CO1,active,6.0
CHEMBL4449204,CC(C)C[C@H](NC(=O)[C@H](CCc1ccccc1)NC(=O)CN1CCOCC1)C(=O)N[C@@H](Cc1ccccc1)C(=O)N[C@@H](CC(C)C)C(=O)[C@@]1(COS(C)(=O)=O)CO1,active,8.096910013008056
CHEMBL4468592,CC[C@H](NC(=O)[C@H](Cc1ccccc1)NC(=O)[C@H](CC(C)C)NC(=O)[C@H](CCc1ccccc1)NC(=O)CN1CCOCC1)C(=O)[C@@]1(C)CO1,active,7.112945621949043
CHEMBL4566822,CCCC[C@H](NC(=O)[C@H](Cc1ccccc1)NC(=O)[C@H](CC(C)C)NC(=O)[C@H](CCc1ccccc1)NC(=O)CN1CCOCC1)C(=O)[C@@]1(C)CO1,active,7.282329496997738
CHEMBL4517879,CC(C)C[C@H](NC(=O)[C@H](CCc1ccccc1)NC(=O)CN1CCOCC1)C(=O)N[C@@H](Cc1ccccc1)C(=O)N[C@@H](Cc1ccccc1)C(=O)[C@@]1(C)CO1,active,6.855114581712858
CHEMBL4460843,CC(C)C[C@H](NC(=O)[C@H](CCc1ccccc1)NC(=O)CN1CCOCC1)C(=O)N[C@@H](Cc1ccccc1)C(=O)N[C@@H](CCc1ccccc1)C(=O)[C@@]1(C)CO1,active,6.137272471682025
CHEMBL4533623,CC[C@H](NC(=O)[C@H](CC(C)C)NC(=O)[C@H](CCc1ccccc1)NC(=O)CN1CCOCC1)C(=O)N[C@@H](CC(C)C)C(=O)[C@@]1(C)CO1,active,7.00788851221305
CHEMBL4527204,CCCC[C@H](NC(=O)[C@H](CC(C)C)NC(=O)[C@H](CCc1ccccc1)NC(=O)CN1CCOCC1)C(=O)N[C@@H](CC(C)C)C(=O)[C@@]1(C)CO1,active,6.789949150124863
CHEMBL4475249,CC(C)C[C@H](NC(=O)[C@H](CCc1ccccc1)NC(=O)CN1CCOCC1)C(=O)N[C@@H](Cc1cscn1)C(=O)N[C@@H](CC(C)C)C(=O)[C@@]1(C)CO1,active,7.5718652059712115
CHEMBL4582067,CC(C)C[C@H](NC(=O)[C@H](CCc1ccccc1)NC(=O)CN1CCOCC1)C(=O)N[C@@H](Cc1cc2ccccc2s1)C(=O)N[C@@H](CC(C)C)C(=O)[C@@]1(C)CO1,active,7.425968732272281
CHEMBL4591459,COC[C@H](NC(=O)[C@H](CCc1ccccc1)NC(=O)c1cc(C)on1)C(=O)N[C@@H](Cc1ccccc1)C(=O)N[C@@H](CC(C)C)C(=O)[C@@]1(C)CO1,active,7.293282217663242
CHEMBL4437781,Cc1cc(C(=O)N[C@@H](CCc2ccccc2)C(=O)N[C@H](C(=O)N[C@@H](Cc2ccccc2)C(=O)N[C@@H](CC(C)C)C(=O)[C@@]2(C)CO2)[C@@H](C)O)no1,active,7.316052869248487
CHEMBL4589171,CC[C@H](NC(=O)[C@H](CCc1ccccc1)NC(=O)c1cc(C)on1)C(=O)N[C@@H](Cc1ccccc1)C(=O)N[C@@H](CC(C)C)C(=O)[C@@]1(C)CO1,active,7.434152181326482
CHEMBL4438000,Cc1cc(C(=O)N[C@@H](CCc2ccccc2)C(=O)N[C@H](C(=O)N[C@@H](Cc2ccccc2)C(=O)N[C@@H](CC(C)C)C(=O)[C@@]2(C)CO2)C2CC2)no1,active,7.494850021680094
CHEMBL4517455,Cc1cc(C(=O)N[C@@H](CCc2ccccc2)C(=O)N[C@@H](CC2CCCC2)C(=O)N[C@@H](Cc2ccccc2)C(=O)N[C@@H](CC(C)C)C(=O)[C@@]2(C)CO2)no1,active,7.436518914605589
CHEMBL4439181,Cc1cc(C(=O)N[C@@H](CCc2ccccc2)C(=O)N[C@H](C(=O)N[C@@H](Cc2ccccc2)C(=O)N[C@@H](CC(C)C)C(=O)[C@@]2(C)CO2)C2CCCCC2)no1,active,7.511449283499555
CHEMBL4579185,CC(C)C[C@H](NC(=O)[C@H](Cc1ccsc1)NC(=O)CN1CCOCC1)C(=O)N[C@@H](Cc1ccccc1)C(=O)N[C@@H](CC(C)C)C(=O)[C@@]1(C)CO1,active,7.347753658996677
CHEMBL4577122,CC(C)C[C@H](NC(=O)[C@H](Cc1cc2ccccc2s1)NC(=O)CN1CCOCC1)C(=O)N[C@@H](Cc1ccccc1)C(=O)N[C@@H](CC(C)C)C(=O)[C@@]1(C)CO1,active,7.467245621007502
CHEMBL4541035,CC(C)C[C@H](NC(=O)[C@H](Cc1cscn1)NC(=O)CN1CCOCC1)C(=O)N[C@@H](Cc1ccccc1)C(=O)N[C@@H](CC(C)C)C(=O)[C@@]1(C)CO1,active,7.434152181326482
CHEMBL4468186,Cc1cc(C(=O)N[C@@H](Cc2cscn2)C(=O)N[C@@H](CC(C)C)C(=O)N[C@@H](Cc2ccccc2)C(=O)N[C@@H](CC(C)C)C(=O)[C@@]2(C)CO2)no1,active,7.686132779630847
CHEMBL4546157,Cc1cc(C(=O)N[C@@H](Cc2ccccn2)C(=O)N[C@@H](CC(C)C)C(=O)N[C@@H](Cc2ccccc2)C(=O)N[C@@H](CC(C)C)C(=O)[C@@]2(C)CO2)no1,active,7.2168113089247425
CHEMBL4454410,Cc1cc(C(=O)N[C@@H](Cc2cc3ccccc3[nH]2)C(=O)N[C@@H](CC(C)C)C(=O)N[C@@H](Cc2ccccc2)C(=O)N[C@@H](CC(C)C)C(=O)[C@@]2(C)CO2)no1,active,7.5934598195660445
CHEMBL4470410,Cc1cc(C(=O)NCC(=O)N[C@@H](CC(C)C)C(=O)N[C@@H](Cc2ccccc2)C(=O)N[C@@H](CC(C)C)C(=O)[C@@]2(C)CO2)no1,active,7.247951552180561
CHEMBL4451933,COC[C@H](NC(=O)c1cc(C)on1)C(=O)N[C@@H](CC(C)C)C(=O)N[C@@H](Cc1ccccc1)C(=O)N[C@@H](CC(C)C)C(=O)[C@@]1(C)CO1,active,7.51427857351842
CHEMBL4437784,Cc1cc(C(=O)N[C@@H](CC(C)C)C(=O)N[C@@H](CC(C)C)C(=O)N[C@@H](Cc2ccccc2)C(=O)N[C@@H](CC(C)C)C(=O)[C@@]2(C)CO2)no1,active,7.3819519032879075
CHEMBL4543154,Cc1cc(C(=O)N[C@H](C(=O)N[C@@H](CC(C)C)C(=O)N[C@@H](Cc2ccccc2)C(=O)N[C@@H](CC(C)C)C(=O)[C@@]2(C)CO2)C2CC2)no1,active,7.3655227298392685
CHEMBL4474079,CC(C)C[C@H](NC(=O)[C@H](Cc1cscn1)NC(=O)c1cnccn1)C(=O)N[C@@H](Cc1ccccc1)C(=O)N[C@@H](CC(C)C)C(=O)[C@@]1(C)CO1,active,7.411168274405793
CHEMBL4513562,CC(C)C[C@H](NC(=O)[C@H](Cc1cscn1)NC(=O)c1cc(Cl)ccc1Cl)C(=O)N[C@@H](Cc1ccccc1)C(=O)N[C@@H](CC(C)C)C(=O)[C@@]1(C)CO1,active,7.188424994129407
CHEMBL4476793,CC(C)C[C@H](NC(=O)[C@H](Cc1cscn1)NC(=O)CO)C(=O)N[C@@H](Cc1ccccc1)C(=O)N[C@@H](CC(C)C)C(=O)[C@@]1(C)CO1,active,7.283162276700476
CHEMBL4556452,CC(C)C[C@H](NC(=O)OCc1ccccc1)C(=O)N[C@@H](CC(C)C)C(=O)N[C@@H](CC(C)C)C(=O)C(=O)NCc1ccccc1,active,7.853871964321762
CHEMBL4570264,CC(C)C[C@H](NC(=O)OCc1ccccc1)C(=O)N[C@@H](CC(C)C)C(=O)N[C@@H](CC(C)C)C(O)C(=O)NCc1ccccc1,active,6.275724130399211
CHEMBL4534838,CC(C)C[C@H](NC(=O)OCc1ccccc1)C(=O)N[C@@H](Cc1ccccc1)C(O)C(=O)NCc1ccccc1,inactive,4.0
CHEMBL4447782,CC(C)C[C@H](NC(=O)OCc1ccccc1)C(=O)N[C@@H](Cc1ccccc1)C(=O)C(=O)NCc1ccccc1,inactive,4.291664097317737
CHEMBL4585003,CC(C)C[C@H](NC(=O)OCc1ccccc1)C(=O)N[C@@H](Cc1ccc(O)cc1)C(O)C(=O)NCc1ccccc1,inactive,4.152119002554625
CHEMBL4551724,CC(C)C[C@H](NC(=O)OCc1ccccc1)C(=O)N[C@@H](Cc1ccc(O)cc1)C(=O)C(=O)NCc1ccccc1,inactive,4.905528871358356
CHEMBL4442725,CC(C)C[C@H](NC(=O)OCc1ccccc1)C(=O)N[C@@H](c1cccc2ccccc12)C(O)C(=O)NCc1ccccc1,inactive,4.0
CHEMBL4548647,CC(C)C[C@H](NC(=O)OCc1ccccc1)C(=O)N[C@H](C(=O)C(=O)NCc1ccccc1)c1cccc2ccccc12,inactive,4.0
CHEMBL4567259,CC(C)C[C@H](NC(=O)OCc1ccccc1)C(=O)N[C@@H](CC(N)=O)C(O)C(=O)NCc1ccccc1,inactive,4.0
CHEMBL4464326,CC(C)C[C@H](NC(=O)OCc1ccccc1)C(=O)N[C@@H](CC(N)=O)C(=O)C(=O)NCc1ccccc1,inactive,4.0
CHEMBL4558015,CC(C)C[C@H](NC(=O)OCc1ccccc1)C(=O)N[C@@H](C(C)C)C(O)C(=O)NCc1ccccc1,inactive,4.085815566576754
CHEMBL4588752,CC(C)C[C@H](NC(=O)OCc1ccccc1)C(=O)N[C@H](C(=O)C(=O)NCc1ccccc1)C(C)C,inactive,4.198321940964107
CHEMBL4469724,CC(C)C[C@H](NC(=O)OCc1ccccc1)C(=O)N[C@@H](CC(C)C)C(O)C(=O)NCc1ccccc1,inactive,4.299209778625653
CHEMBL4462651,CC(C)C[C@H](NC(=O)OCc1ccccc1)C(=O)N[C@@H](CC(C)C)C(=O)C(=O)NCc1ccccc1,active,6.036212172654444
CHEMBL4465042,CC(C)C[C@H](NC(=O)OCc1ccccc1)C(=O)N[C@@H](CC(C)C)C(=O)N[C@@H](CC(C)C)C(O)C(=O)NCc1ccc(F)cc1,inactive,4.0
CHEMBL4449972,CC(C)C[C@H](NC(=O)OCc1ccccc1)C(=O)N[C@@H](CC(C)C)C(=O)N[C@@H](CC(C)C)C(=O)C(=O)NCc1ccc(F)cc1,active,7.251811972993799
CHEMBL4447520,CC(C)C[C@H](NC(=O)OCc1ccccc1)C(=O)N[C@@H](CC(C)C)C(=O)N[C@@H](CC(C)C)C(O)C(=O)N1CCOCC1,inactive,4.0
CHEMBL4451593,CC(C)C[C@H](NC(=O)OCc1ccccc1)C(=O)N[C@@H](CC(C)C)C(=O)N[C@@H](CC(C)C)C(=O)C(=O)N1CCOCC1,active,6.318758762624412
CHEMBL4541448,CC(C)C[C@H](NC(=O)OCc1ccccc1)C(=O)N[C@@H](CC(C)C)C(=O)N[C@@H](CC(C)C)C(=O)C(=O)Nc1cccc2ccccc12,active,8.154901959985743
CHEMBL4551392,CC(C)CNC(=O)C(O)[C@H](CC(C)C)NC(=O)[C@H](CC(C)C)NC(=O)[C@H](CC(C)C)NC(=O)OCc1ccccc1,inactive,4.0
CHEMBL4584892,CC(C)CNC(=O)C(=O)[C@H](CC(C)C)NC(=O)[C@H](CC(C)C)NC(=O)[C@H](CC(C)C)NC(=O)OCc1ccccc1,active,7.920818753952375
CHEMBL4552637,CC(C)C[C@H](NC(=O)OCc1ccccc1)C(=O)N[C@@H](CC(C)C)C(=O)N[C@@H](CC(C)C)C(O)C(=O)N1CCc2ccccc2C1,inactive,4.0
CHEMBL4587250,CC(C)C[C@H](NC(=O)OCc1ccccc1)C(=O)N[C@@H](CC(C)C)C(=O)N[C@@H](CC(C)C)C(=O)C(=O)N1CCc2ccccc2C1,active,6.113509274827518
CHEMBL4297468,COc1ccc([C@@H](O)[C@H](NC(=O)[C@H](C)NC(=O)CN2CCOCC2)C(=O)N[C@@H](CC2=CCCC2)C(=O)[C@@]2(C)CO2)cc1,active,9.162411561764488
CHEMBL4465456,CC(C)C[C@H](NC(=O)CN1CCCCCC1)C(=O)N[C@@H](Cc1ccccc1)C(=O)N[C@@H](Cc1ccccc1)C(=O)[C@@]1(C)CO1,active,7.4089353929735005
CHEMBL4443505,COc1ccc(C[C@H](NC(=O)[C@H](C)NC(=O)CN2CCOCC2)C(=O)N[C@@H](CC2=CCCC2)C(=O)[C@@]2(C)CO2)cc1,active,6.033389013318065
CHEMBL4473920,C[C@@H](CC(=O)NCc1cccc2ccccc12)NC(=O)[C@H](CC(=O)NC(C)(C)C)NC(=O)CCc1ccccc1,inactive,4.119186407719209
CHEMBL4563115,Cc1ccc(S(=O)(=O)N[C@H](CC(=O)N[C@@H](C)C(=O)NCc2cccc3ccccc23)CC(=O)NC(C)(C)C)cc1,inactive,4.106793246940152
CHEMBL4469397,Cc1ccc(S(=O)(=O)N[C@@H](CC(=O)NC(C)(C)C)C(=O)N[C@@H](C)CC(=O)NCc2cccc3ccccc23)cc1,inactive,4.125692166871961
CHEMBL4592435,CC(C)(C)NC(=O)C[C@H](NS(=O)(=O)C1CC1)C(=O)NCCNC(=O)c1cc(-c2ccccc2F)ccc1F,active,6.017728766960431
CHEMBL1432377,Cc1c(CCC(=O)O)c(=O)oc2cc3occ(-c4ccccc4)c3cc12,inactive,3.763966852882364
CHEMBL4465266,Cc1c(CCC(=O)ON2C(=O)CCC2=O)c(=O)oc2cc3occ(-c4ccccc4)c3cc12,active,6.657577319177793
CHEMBL4458315,C=C1CC[C@H]2C(C)(C)[C@H](O)CC[C@]2(C)[C@H]1C[C@]12O[C@H]1[C@H](O)C(COC(=O)[C@H](O)[C@H](C)O)=CC2=O,inactive,4.028724151261895
CHEMBL4528868,C=C1CC[C@H]2C(C)(C)[C@H](O)CC[C@]2(C)[C@H]1C[C@]12O[C@H]1[C@H](O)C(COC(=O)C[C@H](C)O)=CC2=O,inactive,4.496209316942819
CHEMBL4521474,C=C1CC[C@H]2C(C)(C)[C@H](O)CC[C@]2(C)[C@H]1C[C@]12O[C@H]1[C@H](O)C(CO)=CC2=O,inactive,4.0
CHEMBL4586314,C=C1CC[C@H]2C(C)(C)[C@H](O)CC[C@]2(C)[C@H]1C[C@]12O[C@H]1C(=O)C(CO)=CC2=O,inactive,4.580044251510242
CHEMBL4566534,CC1=C(C(=O)N[C@@H](C)C(=O)N[C@@H](Cc2c[nH]c3ccccc23)C(=O)N[C@@H](Cc2ccccc2)C(=O)[C@@]2(C)CO2)Cc2ccccc21,active,7.267606240177032
CHEMBL4464640,COc1ccc(C[C@H](NC(=O)[C@@H](C)NC(=O)C2CCCCC2)C(=O)N[C@@H](Cc2ccccc2)C(=O)[C@@]2(C)CO2)cc1,active,6.732828271596986
CHEMBL4454809,COc1ccc(C[C@H](NC(=O)[C@@H](C)NC(=O)[C@H]2CC[C@H](O)CC2)C(=O)N[C@@H](Cc2ccccc2)C(=O)[C@@]2(C)CO2)cc1,active,6.106793246940152
CHEMBL4452892,Cc1ccc(CC[C@H](NC(=O)[C@H](Cc2ccccc2)NC(=O)[C@H](CC(C)C)NC(=O)CN2CCCCCC2)C(=O)[C@@]2(C)CO2)cc1,active,6.313363730737707
CHEMBL4468129,CC(C)(C)CNC(=O)C[C@@H]1NC(=O)c2ccccc2OCCCCCCOC[C@@H](C(=O)NCc2ccccc2)NC1=O,active,6.180456064458132
CHEMBL4588117,CC(C)(C)CNC(=O)C[C@@H]1NC(=O)c2ccccc2OCCCCCCOC[C@@H](C(=O)NCc2ccccc2Cl)NC1=O,active,6.896196279044043
CHEMBL4461175,Cc1ccc(CNC(=O)[C@@H]2COCCCCCCOc3ccccc3C(=O)N[C@@H](CC(=O)NCC(C)(C)C)C(=O)N2)cc1,active,7.173925197299173
CHEMBL4456389,Cc1ccc(CNC(=O)[C@@H]2COCCCCCCOc3c(cnn3C)C(=O)N[C@@H](CC(=O)NCC(C)(C)C)C(=O)N2)cc1,active,7.522878745280337
CHEMBL4542139,Cc1ccc(CNC(=O)[C@@H]2COCCCCCCCc3c(cnn3C)C(=O)N[C@@H](CC(=O)NCC(C)(C)C)C(=O)N2)cc1,active,7.5376020021010435
CHEMBL4442152,Cc1ccc(CNC(=O)[C@@H]2COCCCCCCCn3ccnc3C(=O)N[C@@H](CC(=O)NCC(C)(C)C)C(=O)N2)cc1,active,7.468521082957745
CHEMBL4538960,Cc1ccc(CNC(=O)[C@H]2NC(=O)[C@H](CC(=O)NCC(C)(C)C)NC(=O)c3nccn3CCCCCCCO[C@H]2C)cc1,active,7.301029995663981
CHEMBL4549674,Cc1ccc(CNC(=O)[C@@H]2Cc3cn(c4ccccc34)CCCCCn3ccnc3C(=O)N[C@@H](CC(=O)NCC(C)(C)C)C(=O)N2)cc1,active,7.585026652029182
CHEMBL4438865,CCCCCCOC[C@H](NC(=O)[C@H](CC(=O)NCC(C)(C)C)NC(=O)c1cnn(C)c1CCC)C(=O)NCc1ccc(C)cc1,active,8.045757490560675
CHEMBL4518171,Cc1cc(C(=O)N[C@@H](CC(=O)N2CCC[C@@H]2c2ccccc2)C(=O)N[C@@H](C)C(=O)NCc2ccc(F)cc2F)no1,inactive,4.0
CHEMBL4517855,Cc1cc(C(=O)N[C@@H](CC(=O)N2CCC[C@@H]2c2ccccc2)C(=O)N[C@@H](C)C(=O)NCc2c(F)cccc2F)no1,inactive,4.0
CHEMBL4514175,COc1ccccc1CNC(=O)[C@H](C)NC(=O)[C@H](CC(=O)N1CCC[C@@H]1c1ccccc1)NC(=O)c1cc(C)on1,inactive,4.0
CHEMBL4448322,Cc1cc(C(=O)N[C@@H](CC(=O)N2CCCC[C@@H]2C)C(=O)N[C@@H](C)c2ncc(-c3ccccc3)[nH]2)no1,inactive,5.0
CHEMBL4533710,Cc1cc(C(=O)N[C@@H](CC(=O)N2CCC[C@@H]2c2ccccc2)C(=O)N[C@@H](C)c2ncc(-c3ccccc3F)[nH]2)no1,inactive,4.0
CHEMBL4577628,Cc1cc(C(=O)N[C@@H](CC(=O)N2CCC[C@@H]2c2ccccc2)C(=O)N[C@@H](C)c2ncc(-c3ccccc3)[nH]2)no1,inactive,4.0
CHEMBL4591623,Cc1cc(C(=O)N[C@@H](CC(=O)N2CCC[C@@H]2c2ccccc2)C(=O)N[C@@H](C)c2ncc(-c3ccc(F)cc3F)[nH]2)no1,inactive,4.0
CHEMBL4460323,CC(C)C[C@H](NC(=O)N1CCC(C(=O)Nc2nccs2)CC1)C(=O)N[C@@H](Cc1ccccc1)C(=O)N[C@@H](CC(C)C)C(=O)[C@@]1(C)CO1,active,8.823908740944319
CHEMBL150,O=c1c(O)c(-c2ccc(O)cc2)oc2cc(O)cc(O)c12,inactive,4.978810700930062
CHEMBL28,O=c1cc(-c2ccc(O)cc2)oc2cc(O)cc(O)c12,active,6.0
CHEMBL9352,O=C1C[C@@H](c2ccc(O)cc2)Oc2cc(O)cc(O)c21,inactive,4.380906669373257
CHEMBL8996,O=C1C[C@@H](c2ccc(O)c(O)c2)Oc2cc(O)cc(O)c21,inactive,4.835647144215563
CHEMBL164,O=c1c(O)c(-c2cc(O)c(O)c(O)c2)oc2cc(O)cc(O)c12,inactive,4.920818753952375
CHEMBL297453,O=C(O[C@@H]1Cc2c(O)cc(O)cc2O[C@@H]1c1cc(O)c(O)c(O)c1)c1cc(O)c(O)c(O)c1,active,7.0655015487564325
CHEMBL47386,Oc1cc(O)c2c(c1)O[C@H](c1cc(O)c(O)c(O)c1)[C@H](O)C2,inactive,2.9208187539523753
CHEMBL288114,O=C(O)c1cc(O)c(O)c(O)c1,inactive,2.1487416512809245
CHEMBL36327,O=C(O[C@@H]1Cc2c(O)cc(O)cc2O[C@@H]1c1ccc(O)c(O)c1)c1cc(O)c(O)c(O)c1,active,6.7121982700697735
CHEMBL264938,O=C(O[C@@H]1Cc2c(O)cc(O)cc2O[C@H]1c1cc(O)c(O)c(O)c1)c1cc(O)c(O)c(O)c1,active,6.728158393463501
CHEMBL129451,O=C(O[C@@H]1Cc2c(O)cc(O)cc2O[C@H]1c1ccc(O)c(O)c1)c1cc(O)c(O)c(O)c1,active,6.906578314837765
CHEMBL252642,O=C1C[C@@H](c2ccc(O)cc2)Oc2cc(O)ccc21,inactive,4.0
CHEMBL238845,COc1ccc2c(c1)O[C@H]1c3ccc(O)cc3OC[C@@H]21,inactive,4.0
CHEMBL8145,O=c1c(-c2ccc(O)cc2)coc2cc(O)ccc12,inactive,4.0
CHEMBL242341,COc1ccc(-c2coc3cc(O)ccc3c2=O)cc1,inactive,4.0
CHEMBL140,COc1cc(/C=C/C(=O)CC(=O)/C=C/c2ccc(O)c(OC)c2)ccc1O,inactive,5.0
CHEMBL3319483,CC1=C(C(=O)N[C@H](C)C(=O)N[C@@H](Cc2c[nH]c3ccccc23)C(=O)N[C@@H](CC2CCCCC2)C(=O)[C@@]2(C)CO2)Cc2ccccc21,active,6.0
CHEMBL4522536,CC(C)C[C@H](NC(=O)CN1CCOCC1)C(=O)N[C@@H](C[C@H]1CC[C@H](C2CCCCC2)CC1)C(=O)N[C@@H](Cc1ccccc1)C(=O)N[C@@H](C)C(=O)[C@@]1(C)CO1,active,7.552841968657781
CHEMBL4581001,C[C@H](NC(=O)[C@H](Cc1ccccc1)NC(=O)[C@H](C[C@H]1CC[C@H](C2CCCCC2)CC1)NC(=O)[C@H](Cc1ccccc1)N=[N+]=[N-])C(=O)[C@@]1(C)CO1,active,8.309803919971486
CHEMBL4570216,C[C@H](NC(=O)[C@H](Cc1ccccc1)NC(=O)[C@H](C[C@H]1CC[C@H](c2ccccc2)CC1)NC(=O)[C@H](Cc1ccccc1)N=[N+]=[N-])C(=O)[C@@]1(C)CO1,active,8.42021640338319
CHEMBL4545125,C[C@H](NC(=O)[C@H](Cc1ccccc1)NC(=O)[C@H](C[C@H]1CC[C@@H](C2CCCCC2)CC1)NC(=O)[C@H](Cc1ccccc1)N=[N+]=[N-])C(=O)[C@@]1(C)CO1,active,6.1487416512809245
CHEMBL4562527,C[C@H](NC(=O)[C@H](Cc1ccccc1)NC(=O)[C@H](C[C@H]1CC[C@@H](c2ccccc2)CC1)NC(=O)[C@H](Cc1ccccc1)N=[N+]=[N-])C(=O)[C@@]1(C)CO1,active,7.1487416512809245
CHEMBL4526408,C[C@H](NC(=O)[C@H](Cc1ccccc1)NC(=O)[C@H](CC1CCC(C2CCCCC2)CC1)NC(=O)CN1CCOCC1)C(=O)[C@@]1(C)CO1,inactive,2.910094888560602
CHEMBL4582677,C[C@H](NC(=O)[C@H](Cc1ccccc1)NC(=O)[C@H](CC1CCC(C2CCCCC2)CC1)NC(=O)[C@H](Cc1ccccc1)N=[N+]=[N-])C(=O)[C@@]1(C)CO1,active,7.698970004336019
CHEMBL4544082,COc1ccc(C[C@H](NC(=O)[C@H](CC23CC4CC(CC(C4)C2)C3)NC(=O)CN2CCOCC2)C(=O)N[C@@H](C)C(=O)[C@@]2(C)CO2)cc1,active,6.069050968832477
CHEMBL4562003,C[C@H](NC(=O)[C@H](Cc1ccccc1)NC(=O)[C@H](Cc1ccc(-c2ccccc2)cc1)NC(=O)[C@H](Cc1ccccc1)N=[N+]=[N-])C(=O)[C@@]1(C)CO1,active,8.0
CHEMBL4515448,C[C@H](NC(=O)[C@H](Cc1ccccc1)NC(=O)[C@H](CC1CCCCC1)NC(=O)[C@H](Cc1ccccc1)N=[N+]=[N-])C(=O)[C@@]1(C)CO1,active,7.2441251443275085
CHEMBL4586866,CC(OC(C)(C)C)[C@H](NC(=O)[C@H](Cc1ccccc1)N=[N+]=[N-])C(=O)N[C@@H](Cc1ccccc1)C(=O)N[C@@H](C)C(=O)[C@@]1(C)CO1,inactive,5.0
CHEMBL4563143,COc1ccc(C[C@H](NC(=O)[C@H](CC23CC4CC(CC(C4)C2)C3)NC(=O)CN2CCOCC2)C(=O)N[C@@H](CC(C)C)C(=O)[C@@]2(C)CO2)cc1,active,6.069050968832477
CHEMBL4531320,COc1ccc(C[C@H](NC(=O)[C@H](CC2CCCCC2)NC(=O)CN2CCOCC2)C(=O)N[C@@H](CC(C)C)C(=O)[C@@]2(C)CO2)cc1,active,6.924453038607469
CHEMBL4572766,CC(C)C[C@H](NC(=O)[C@H](Cc1ccccc1)NC(=O)[C@H](CC(C)(C)C)NC(=O)[C@H](Cc1ccccc1)N=[N+]=[N-])C(=O)[C@@]1(C)CO1,active,7.7447274948966935
CHEMBL4543267,CC(C)C[C@H](NC(=O)[C@H](Cc1ccccc1)NC(=O)[C@H](CC1CC2CCC1C2)NC(=O)[C@H](Cc1ccccc1)N=[N+]=[N-])C(=O)[C@@]1(C)CO1,active,8.0
CHEMBL4531811,CC(C)C[C@H](NC(=O)[C@H](Cc1ccccc1)NC(=O)[C@H](CC1CCC(C2CCCCC2)CC1)NC(=O)[C@H](Cc1ccccc1)N=[N+]=[N-])C(=O)[C@@]1(C)CO1,active,7.769551078621726
CHEMBL4532975,CC(C)C[C@H](NC(=O)[C@H](Cc1ccccc1)NC(=O)[C@H](CC1CCC2CCCCC2C1)NC(=O)[C@H](Cc1ccccc1)N=[N+]=[N-])C(=O)[C@@]1(C)CO1,active,8.0
CHEMBL4560006,CC(C)C[C@H](NC(=O)[C@H](Cc1ccccc1)NC(=O)[C@H](CC1CCCC2CCCCC21)NC(=O)[C@H](Cc1ccccc1)N=[N+]=[N-])C(=O)[C@@]1(C)CO1,active,8.0
CHEMBL4581491,COC1CCC(C[C@H](NC(=O)[C@H](Cc2ccccc2)N=[N+]=[N-])C(=O)N[C@@H](Cc2ccccc2)C(=O)N[C@@H](CC(C)C)C(=O)[C@@]2(C)CO2)CC1,active,8.67778070526608
CHEMBL4534488,CC(C)C[C@H](NC(=O)[C@H](Cc1ccccc1)NC(=O)[C@H](CC1CCC(C)CC1)NC(=O)[C@H](Cc1ccccc1)N=[N+]=[N-])C(=O)[C@@]1(C)CO1,active,8.698970004336019
CHEMBL4526232,CC(C)C[C@H](NC(=O)[C@H](Cc1ccccc1)NC(=O)[C@H](CCC1CCCCC1)NC(=O)[C@H](Cc1ccccc1)N=[N+]=[N-])C(=O)[C@@]1(C)CO1,active,7.443697499232712
CHEMBL4563141,CC(C)C[C@H](NC(=O)[C@H](Cc1ccccc1)NC(=O)[C@H](CC1CCCCC1)NC(=O)[C@H](Cc1ccccc1)N=[N+]=[N-])C(=O)[C@@]1(C)CO1,active,8.0
CHEMBL4568033,CC(C)C[C@H](NC(=O)[C@H](Cc1ccccc1)NC(=O)[C@@H](NC(=O)[C@H](Cc1ccccc1)N=[N+]=[N-])C1CCCCC1)C(=O)[C@@]1(C)CO1,active,7.481486060122112
CHEMBL4556581,COc1ccc(C[C@H](NC(=O)[C@H](Cc2ccc(-c3ccccc3)cc2)NC(=O)CN2CCOCC2)C(=O)N[C@@H](CC(C)C)C(=O)[C@@]2(C)CO2)cc1,active,8.0
CHEMBL4522697,COc1ccc(C[C@H](NC(=O)[C@H](Cc2ccc3ccccc3c2)NC(=O)CN2CCOCC2)C(=O)N[C@@H](CC(C)C)C(=O)[C@@]2(C)CO2)cc1,active,8.0
CHEMBL4556631,COc1ccc(C[C@H](NC(=O)[C@H](Cc2cccc3ccccc23)NC(=O)CN2CCOCC2)C(=O)N[C@@H](CC(C)C)C(=O)[C@@]2(C)CO2)cc1,active,8.0
CHEMBL4528476,CC(C)C[C@H](NC(=O)[C@H](Cc1ccccc1)NC(=O)[C@H](Cc1ccc(-c2ccccc2)cc1)NC(=O)[C@H](Cc1ccccc1)N=[N+]=[N-])C(=O)[C@@]1(C)CO1,active,8.0
CHEMBL4574722,CC(C)C[C@H](NC(=O)[C@H](Cc1ccccc1)NC(=O)[C@H](Cc1ccc2ccccc2c1)NC(=O)[C@H](Cc1ccccc1)N=[N+]=[N-])C(=O)[C@@]1(C)CO1,active,8.0
CHEMBL4556673,CC(C)C[C@H](NC(=O)[C@H](Cc1ccccc1)NC(=O)[C@H](Cc1cccc2ccccc12)NC(=O)[C@H](Cc1ccccc1)N=[N+]=[N-])C(=O)[C@@]1(C)CO1,active,8.0
CHEMBL4587878,CC(C)C[C@H](NC(=O)[C@H](Cc1ccccc1)NC(=O)[C@H](Cc1c[nH]c2ccccc12)NC(=O)[C@H](Cc1ccccc1)N=[N+]=[N-])C(=O)[C@@]1(C)CO1,active,8.0
CHEMBL4563298,COc1ccc(C[C@H](NC(=O)[C@H](Cc2ccccc2)N=[N+]=[N-])C(=O)N[C@@H](Cc2ccccc2)C(=O)N[C@@H](CC(C)C)C(=O)[C@@]2(C)CO2)cc1,active,8.67778070526608
CHEMBL4588350,Cc1ccc(C[C@H](NC(=O)[C@H](Cc2ccccc2)N=[N+]=[N-])C(=O)N[C@@H](Cc2ccccc2)C(=O)N[C@@H](CC(C)C)C(=O)[C@@]2(C)CO2)cc1,active,8.0
CHEMBL4519899,CC(C)C[C@H](NC(=O)[C@H](Cc1ccccc1)NC(=O)[C@H](CCc1ccccc1)NC(=O)[C@H](Cc1ccccc1)N=[N+]=[N-])C(=O)[C@@]1(C)CO1,active,8.522878745280337
CHEMBL4555159,CC(C)C[C@H](NC(=O)[C@H](Cc1ccccc1)NC(=O)[C@@H](NC(=O)[C@H](Cc1ccccc1)N=[N+]=[N-])c1ccccc1)C(=O)[C@@]1(C)CO1,active,8.0
CHEMBL4646371,CC(=O)NCC(=O)N1CCC[C@H]1C(=O)N[C@@H](Cc1ccccc1)C(=O)N[C@@H](CC(C)C)C(=O)[C@@]1(C)CO1,inactive,5.0
CHEMBL4649310,CC(C)C[C@H](NC(=O)[C@H](Cc1ccccc1)NC(=O)[C@@H]1CCCN1C(=O)CNC(=O)c1cnccn1)C(=O)[C@@]1(C)CO1,inactive,5.0
CHEMBL4635132,CC(=O)NCC(=O)N1CCC[C@H]1C(=O)N[C@@H](Cc1ccccc1)C(=O)N[C@@H](CC(C)C)C(=O)[C@]1(C)CO1,inactive,5.0
